SFT.ER100_2851561919200.14950415311016F06A174.10.png,1
SFT.ER100_2851609602200.15460315311016G067073.3.png,1
SFT.ER100_2851587504200.0674061F13EB17I2100FA.2.X3_Org.png,2
SFT.ER100_2851546431200.1107141F13EB16F050DEB.13.png,1
SFT.ER100_2851500245200.0674061F13EB17I140133.12.X3_4.png,2
SFT.ER100_2851561919200.14950415311016F06D783.6.png,1
SFT.ER100_2851546431200.11071415311016G22B3D8.11.X25_Org.png,1
SFT.ER100_2851605203200.1573011F13EB16F22043C.9.png,1
SFT.ER100_2851586906200.06433115311016D1735A5.4.png,1
SFT.ER100_2851524312200.0998021F13EB16G09026B.9.X25_3.png,2
SFT.ER100_2851609602200.15460315311016G067910.4.png,1
SFT.ER100_2851524112200.0998021F13EB16H241144.9.X25_11.png,2
SFT.ER100_2851565511200.14060215311016G049615.10.png,1
SFT.ER100_2851546431200.11071415311016F17B25F.8.png,1
SFT.ER100_2851539608200.0996011F13EB16F150EF2.14.png,1
SFT.ER100_2851586906200.06433115311016D17347F.9.png,1
SFT.ER100_2851561919200.14950415311016F06D651.4.png,1
SFT.ER100_2851609602200.15460315311016G067922.9.png,1
SFT.ER100_2851586906200.06433115311016D10484C.10.png,1
SFT.ER100_2851561919200.14950415311016F06D92A.4.png,1
SFT.ER100_2851565511200.14060215311016F1473A8.8.png,1
SFT.ER100_2851561919200.14950415311016F06A288.3.png,1
SFT.ER100_2851557818200.1030021F13EB16F040103.11.png,1
SFT.ER100_2851609602200.15460315311016G067979.7.png,1
SFT.ER100_2851546431200.11071415311016F047EA9.7.png,1
SFT.ER100_2851524111200.09980215311016H2381AD.3.png,1
SFT.ER100_2851605203200.1573011F13EB16F220208.7.png,1
SFT.ER100_2851524111200.09980215311016H2193A3.10.png,1
SFT.ER100_2851609602200.15460315311016G06778D.7.png,1
SFT.ER100_2851500245200.0674061F13EB16F2903DC.3.png,1
SFT.ER100_2851565511200.14060215311016G075772.11.png,1
SFT.ER100_2851577412200.1497311F13EB17I07961D.8.X3_3.png,2
SFT.ER100_2851547223200.0398221F13EB16G021C6F.11.X25_Org.png,2
SFT.ER100_2851577412200.14973115311017J1766F1.14.X3_1.png,2
SFT.ER100_2851547223200.039822155FB516D280CDF.8.X25_6.png,2
SFT.ER100_2851577412200.1497311F13EB17I07961D.11.X3_8.png,2
SFT.ER100_2851587504200.0674061F13EB17I210C3A.2.X3_2.png,2
SFT.ER100_2851546431200.11071415311016F17B40F.14.png,1
SFT.ER100_2851565511200.14060215311016F1478E9.11.png,1
SFT.ER100_2851557819200.1030021F13EB17B03008E.14.X25_3.png,2
SFT.ER100_2851527120200.1190021F13EB16H2585C4.8.X25_9.png,2
SFT.ER100_2851561919200.14950415311016F06A2D3.4.png,1
SFT.ER100_2851546431200.11071415311016G22B3D8.11.X25_10.png,2
SFT.ER100_2851561919200.14950415311016F06D65D.7.png,1
SFT.ER100_2851577412200.14973115311017J176A72.14.X3_10.png,2
SFT.ER100_2851586906200.06433115311016D10488B.9.png,1
SFT.ER100_2851565511200.14060215311016F147489.8.png,1
SFT.ER100_2851547223200.039822155FB516D2823F8.8.X25_4.png,2
SFT.ER100_2851546431200.11071415311016F17B21D.10.png,1
SFT.ER100_2851565511200.14060215311016F14751C.10.png,1
SFT.ER100_2851524312200.0998021F13EB16G09051D.6.X25_4.png,2
SFT.ER100_2851605203200.1573011F13EB16F220208.11.png,1
SFT.ER100_2851586906200.06433115311016D1761F7.7.png,1
SFT.ER100_2851546431200.1107141F13EB16E1500FD.10.png,1
SFT.ER100_2851609602200.1546031F13EB16H018CD5.6.png,1
SFT.ER100_2851534713200.11640115311017G147D56.6.X3_Org.png,2
SFT.ER100_2851582705200.125602155FB517G131228.2.X3_8.png,2
SFT.ER100_2851605203200.1573011F13EB16F220F9D.9.png,1
SFT.ER100_2851559818200.140404155FB516G1901E4.7_Org.png,2
SFT.ER100_2851524312200.09980215311016H091A34.7.png,1
SFT.ER100_2851539608200.099601155FB516F10080B.13.png,1
SFT.ER100_2851527120200.1190021F13EB16G158153.11.png,1
SFT.ER100_2851609602200.15460315311016G06733D.4.png,1
SFT.ER100_2851546431200.1107141F13EB16F118855.10.png,1
SFT.ER100_2851586906200.06433115311016F11A514.10.X25_3.png,2
SFT.ER100_2851546431200.11071415311016F047C18.13.png,1
SFT.ER100_2851524112200.0998021F13EB16H241144.9.X25_3.png,2
SFT.ER100_2851546431200.1107141F13EB16F070C85.7.png,1
SFT.ER100_2851546431200.1107141F13EB16F070F88.10.png,1
SFT.ER100_2851565511200.14060215311016H20B542.14.X25_11.png,2
SFT.ER100_2851565530200.14060215311017J110259.8.X3_2.png,2
SFT.ER100_2851534713200.1164011F13EB17I15024A.6.X3_6.png,2
SFT.ER100_2851577411200.1497311F13EB16H070E83.7.X25_11.png,2
SFT.ER100_2851609602200.1546031F13EB16H0180B7.4.png,1
SFT.ER100_2851527120200.1190021F13EB16H019303.14.png,1
SFT.ER100_2851609602200.15460315311016G06791F.3.png,1
SFT.ER100_2851577412200.14973115311017J176A72.14.X3_3.png,2
SFT.ER100_2851524111200.09980215311016H2193B8.10.png,1
SFT.ER100_2851609602200.1546031F13EB16H018AD1.10.png,1
SFT.ER100_2851500245200.0674061F13EB17I210B56.2.X3_8.png,2
SFT.ER100_2851605203200.1573011F13EB16F220217.7.png,1
SFT.ER100_2851565511200.14060215311016F1479F4.13.png,1
SFT.ER100_2851524111200.09980215311016H2380E1.9.png,1
SFT.ER100_2851557818200.1030021F13EB16F040673.10.png,1
SFT.ER100_2851524111200.0998021F13EB16G100742.9.X25_Org.png,2
SFT.ER100_2851524111200.09980215311016H2193E2.3.png,1
SFT.ER100_2851500245200.0674061F13EB16G1002BC.5.png,1
SFT.ER100_2851546431200.11071415311016F17B25F.13.png,1
SFT.ER100_2851605203200.1573011F13EB16F22021A.10.png,1
SFT.ER100_2851524111200.0998021F13EB16G18076C.3.X25_Org.png,1
SFT.ER100_2851565511200.14060215311016F147363.11.png,1
SFT.ER100_2851609602200.1546031F13EB16H018A9B.9.png,1
SFT.ER100_2851582705200.125602155FB517G131228.2.X3_11.png,2
SFT.ER100_2851543033200.0695251F13EB16D170817.7.png,1
SFT.ER100_2851586906200.06433115311016D1761BE.6.png,1
SFT.ER100_2851557818200.1030021F13EB16F040934.10.png,1
SFT.ER100_2851546431200.1107141F13EB16F070F67.8.png,1
SFT.ER100_2851565511200.14060215311016F147708.11.png,1
SFT.ER100_2851586906200.06433115311016D10488B.10.png,1
SFT.ER100_2851500245200.0674061F13EB16G03004C.11.png,1
SFT.ER100_2851546431200.1107141F13EB16F279266.10.png,1
SFT.ER100_2851586906200.06433115311016D14298E.9.png,1
SFT.ER100_2851527120200.1190021F13EB16G1783B1.13.png,1
SFT.ER100_2851524312200.0998021F13EB16F1002CE.6.png,1
SFT.ER100_2851534713200.1164011F13EB17I15024A.6.X3_3.png,2
SFT.ER100_2851546431200.11071415311016F17B136.13.png,1
SFT.ER100_2851586912200.06433115311017H036CD4.10.X3_8.png,2
SFT.ER100_2851565511200.14060215311016F1691C5.8.png,1
SFT.ER100_2851565512200.1406021F13EB16G138084.13.X25_3.png,2
SFT.ER100_2851527120200.1190021F13EB16G17888E.10.png,1
SFT.ER100_2851500245200.0674061F13EB17I140A00.12.X3_8.png,2
SFT.ER100_2851527120200.1190021F13EB16G178A62.7.png,1
SFT.ER100_2851561919200.14950415311016F06C6FB.10.png,1
SFT.ER100_2851586906200.06433115311016F15BB60.9.X25_1.png,2
SFT.ER100_2851500245200.0674061F13EB17I140C01.3.X3_5.png,2
SFT.ER100_2851546422200.11071415311015G1686A9.11_9.png,2
SFT.ER100_2851586906200.06433115311016D1976B0.6.png,1
SFT.ER100_2851561919200.14950415311016F06D91E.10.png,1
SFT.ER100_2851546431200.1107141F13EB16F070D75.7.png,1
SFT.ER100_2851605203200.1573011F13EB16F220205.9.png,1
SFT.ER100_2851547223200.0398221F13EB16E090598.14.X25_4.png,2
SFT.ER100_2851577411200.1497311F13EB16H198597.8.X25_Org.png,1
SFT.ER100_2851546431200.1107141F13EB16F119164.10.png,1
SFT.ER100_2851565511200.14060215311016G049621.13.png,1
SFT.ER100_2851546431200.1107141F13EB16F070E80.14.png,1
SFT.ER100_2851539608200.099601155FB516F10080B.14.png,1
SFT.ER100_2851534713200.11640115311017G147D56.10.X3_10.png,2
SFT.ER100_2851547223200.0398221F13EB16E2007AB.8.X25_8.png,2
SFT.ER100_2851527120200.1190021F13EB16G178BD9.13.png,1
SFT.ER100_2851539609200.0996011F13EB16F0108DD.7.png,1
SFT.ER100_2851565511200.14060215311016G056160.10.png,1
SFT.ER100_2851557840200.1030021F1AAF17H3101D5.11.X3_6.png,2
SFT.ER100_2851565511200.14060215311016F147889.10.png,1
SFT.ER100_2851500245200.0674061F13EB17I140C01.12.X3_2.png,2
SFT.ER100_2851539608200.0996011F13EB16F07012A.14.png,1
SFT.ER100_2851547241200.0398221F13EB17I050391.13.X3_Org.png,2
SFT.ER100_2851605203200.1573011F13EB16F220F19.10.png,1
SFT.ER100_2851547223200.0398221F13EB16E080C52.8.png,1
SFT.ER100_2851577412200.14973115311017J176A72.14.X3_2.png,2
SFT.ER100_2851586906200.06433115311016D1735A5.9.png,1
SFT.ER100_2851500245200.0674061F13EB17I140B0E.12.X3_3.png,2
SFT.ER100_2851561919200.14950415311016F06D87F.10.png,1
SFT.ER100_2851561919200.14950415311016F06D714.3.png,1
SFT.ER100_2851565511200.14060215311016G049591.13.png,1
SFT.ER100_2851546431200.1107141F13EB16F070C9A.13.png,1
SFT.ER100_2851609602200.15460315311016G067637.4.png,1
SFT.ER100_2851546431200.1107141F13EB16G110BEE.14.X25_7.png,2
SFT.ER100_2851524312200.0998021F13EB16G09026B.9.X25_6.png,2
SFT.ER100_2851500245200.0674061F13EB17I220361.7.X3_11.png,2
SFT.ER100_2851586906200.06433115311016D1736BC.6.png,1
SFT.ER100_2851500245200.0674061F13EB17I14009A.11.X3_2.png,2
SFT.ER100_2851565511200.14060215311016G056961.14.png,1
SFT.ER100_2851546431200.1107141F13EB16F11813E.11.X25_11.png,2
SFT.ER100_2851574210200.1573011F13EB16G200997.7.X25_Org.png,1
SFT.ER100_2851543034200.0695251F13EB16G2102E0.8.X25_10.png,2
SFT.ER100_2851609602200.15460315311016G06796D.4.png,1
SFT.ER100_2851574210200.1573011F13EB16G200997.10.X25_Org.png,1
SFT.ER100_2851557819200.1030021F13EB17B03008E.14.X25_1.png,2
SFT.ER100_2851524312200.0998021F13EB16F2615D6.4.png,1
SFT.ER100_2851524111200.0998021F13EB16G100742.9.X25_8.png,2
SFT.ER100_2851500245200.0674061F13EB17I140C01.7.X3_5.png,2
SFT.ER100_2851546431200.1107141F13EB16F070C19.8.png,1
SFT.ER100_2851557840200.1030021F1AAF17H3101D5.7.X3_11.png,2
SFT.ER100_2851586906200.06433115311016D1892DD.4.png,1
SFT.ER100_2851546431200.11071415311016G22AE2F.14.X25_8.png,2
SFT.ER100_2851561919200.14950415311016F06A0F6.9.png,1
SFT.ER100_2851546431200.11071415311016F17AF2C.11.png,1
SFT.ER100_2851546431200.1107141F13EB16G110BEE.13.X25_11.png,2
SFT.ER100_2851609602200.1546031F13EB16H018B3D.6.png,1
SFT.ER100_2851586906200.06433115311016F16E103.3.X25_7.png,2
SFT.ER100_2851539608200.0996011F13EB16F040A2A.11.png,1
SFT.ER100_2851557818200.1030021F13EB16F040697.14.png,1
SFT.ER100_2851561919200.14950415311016E246CF3.10.png,1
SFT.ER100_2851546431200.11071415311016F157D25.7.png,1
SFT.ER100_2851547223200.0398221F13EB16E1002E3.7.X25_4.png,2
SFT.ER100_2851561919200.14950415311016F06A38A.9.png,1
SFT.ER100_2851565511200.14060215311016G056655.14.png,1
SFT.ER100_2851546431200.1107141F13EB16F119209.10.png,1
SFT.ER100_2851547223200.039822155FB516D280B20.8.X25_7.png,2
SFT.ER100_2851546431200.11071415311016F047BB2.14.png,1
SFT.ER100_2851609602200.15460315311016G067799.7.png,1
SFT.ER100_2851586906200.06433115311016D1734CD.7.png,1
SFT.ER100_2851586912200.06433115311017H036CD4.3.X3_9.png,2
SFT.ER100_2851500245200.0674061F13EB16G1707B7.5.png,1
SFT.ER100_2851524111200.09980215311016H2192B9.6.png,1
SFT.ER100_2851546431200.11071415311016G22B279.14.X25_3.png,2
SFT.ER100_2851587504200.0674061F13EB17I2109DF.12.X3_1.png,1
SFT.ER100_2851577412200.14973115311017J1766F1.14.X3_8.png,2
SFT.ER100_2851546431200.11071415311016G128FB4.11.X25_5.png,2
SFT.ER100_2851524312200.0998021F13EB16G09026B.9.X25_8.png,2
SFT.ER100_2851561919200.14950415311016F06A174.6.png,1
SFT.ER100_2851546431200.1107141F13EB16F070CD9.7.png,1
SFT.ER100_2851565511200.14060215311016F1475D6.10.png,1
SFT.ER100_2851586906200.06433115311016D10491B.4.png,1
SFT.ER100_2851609602200.1546031F13EB16H018D3E.10.png,1
SFT.ER100_2851609602200.15460315311016G067403.7.png,1
SFT.ER100_2851609602200.1546031F13EB16H018CD2.6.png,1
SFT.ER100_2851546431200.11071415311016F17B25F.7.png,1
SFT.ER100_2851609602200.1546031F13EB16H018B6A.4.png,1
SFT.ER100_2851577411200.1497311F13EB16H070E83.7.X25_9.png,2
SFT.ER100_2851524312200.09980215311016G218D09.4.png,1
SFT.ER100_2851586906200.06433115311016F16E103.4.X25_3.png,2
SFT.ER100_2851565511200.14060215311016F147510.7.png,1
SFT.ER100_2851539808200.0996011F13EB16F290F4F.14.X25_4.png,2
SFT.ER100_2851586912200.06433115311016F119CE4.4.X25_3.png,2
SFT.ER100_2851546431200.1107141F13EB16F070B7D.8.png,1
SFT.ER100_2851524312200.0998021F13EB16G09026B.9.X25_2.png,2
SFT.ER100_2851565511200.14060215311016G056517.14.png,1
SFT.ER100_2851565511200.14060215311016G018791.10.png,1
SFT.ER100_2851561919200.14950415311016F06A2CD.10.png,1
SFT.ER100_2851539808200.0996011F13EB16F290F4F.14.X25_2.png,2
SFT.ER100_2851500245200.0674061F13EB16G10007F.3.png,1
SFT.ER100_2851527120200.1190021F13EB16H019972.11.png,1
SFT.ER100_2851527120200.1190021F13EB16G158018.11.png,1
SFT.ER100_2851565511200.14060215311016G075772.8.png,1
SFT.ER100_2851586906200.06433115311016D10488E.3.png,1
SFT.ER100_2851539609200.0996011F13EB16F0108DD.11.png,1
SFT.ER100_2851565511200.14060215311016G056778.13.png,1
SFT.ER100_2851527120200.1190021F13EB16H0195C7.13.png,1
SFT.ER100_2851543034200.0695251F13EB16G2102E0.8.X25_8.png,2
SFT.ER100_2851546431200.1107141F13EB16F279251.7.png,1
SFT.ER100_2851587504200.0674061F13EB17I210C3A.2.X3_7.png,2
SFT.ER100_2851565511200.14060215311016F147901.10.png,1
SFT.ER100_2851609602200.15460315311016G06734C.6.png,1
SFT.ER100_2851561919200.14950415311016F06A60F.3.png,1
SFT.ER100_2851561919200.14950415311016F06D47A.3.png,1
SFT.ER100_2851546431200.1107141F13EB16F118915.8.png,1
SFT.ER100_2851524111200.0998021F13EB16G09071E.9.X25_5.png,2
SFT.ER100_2851557818200.1030021F13EB16F040178.10.png,1
SFT.ER100_2851524111200.0998021F13EB16F260CAF.10.png,1
SFT.ER100_2851546431200.1107141F13EB16F070C76.10.png,1
SFT.ER100_2851546431200.1107141F13EB16F070FB2.7.png,1
SFT.ER100_2851586906200.06433115311016F11A514.6.X25_3.png,2
SFT.ER100_2851546431200.11071415311016F047D29.14.png,1
SFT.ER100_2851565511200.14060215311016F169090.7.png,1
SFT.ER100_2851565511200.14060215311016G075592.8.png,1
SFT.ER100_2851609602200.15460315311016G06782C.4.png,1
SFT.ER100_2851609602200.15460315311016G06732B.4.png,1
SFT.ER100_2851561919200.14950415311016F06A0BD.10.png,1
SFT.ER100_2851534713200.11640115311017G147D56.10.X3_1.png,2
SFT.ER100_2851574210200.1573011F13EB16G220949.11.X25_9.png,2
SFT.ER100_2851546431200.1107141F13EB16F070C1C.7.png,1
SFT.ER100_2851565511200.14060215311016G029210.13.png,1
SFT.ER100_2851605203200.1573011F13EB16F2204AB.9.png,1
SFT.ER100_2851586906200.06433115311016F16E24A.4.X25_11.png,2
SFT.ER100_2851500245200.0674061F13EB16F2902C5.3.png,1
SFT.ER100_2851546431200.11071415311016G22B3D8.14.X25_11.png,2
SFT.ER100_2851565511200.14060215311016F1479BE.11.png,1
SFT.ER100_2851524111200.09980215311016H2380C9.7.png,1
SFT.ER100_2851557818200.1030021F13EB16F040223.11.png,1
SFT.ER100_2851527120200.1190021F13EB16H019525.13.png,1
SFT.ER100_2851605203200.1573011F13EB16F200571.9.png,1
SFT.ER100_2851524111200.09980215311016H2193AF.9.png,1
SFT.ER100_2851577412200.14973115311017J0254BA.14.X3_2.png,2
SFT.ER100_2851546431200.1107141F13EB16E29804B.7.png,1
SFT.ER100_2851500245200.0674061F13EB17I140A00.12.X3_5.png,2
SFT.ER100_2851565511200.14060215311016G056205.10.png,1
SFT.ER100_2851524312200.0998021F13EB16G09026B.9.X25_7.png,2
SFT.ER100_2851586906200.06433115311016F11A514.6.X25_2.png,2
SFT.ER100_2851609602200.15460315311016G067730.7.png,1
SFT.ER100_2851546431200.11071415311016F17B256.10.png,1
SFT.ER100_2851586906200.06433115311016F11A520.9.X25_11.png,2
SFT.ER100_2851524111200.09980215311016H2380F9.9.png,1
SFT.ER100_2851609602200.15460315311016G067922.4.png,1
SFT.ER100_2851565511200.14060215311016F1692BB.10.png,1
SFT.ER100_2851565511200.14060215311016F1690B7.11.png,1
SFT.ER100_2851546431200.11071415311016G22B3D8.14.X25_5.png,2
SFT.ER100_2851565530200.14060215311017J124A4B.7.X3_7.png,2
SFT.ER100_2851524111200.0998021F13EB16G100A39.3.X25_1.png,2
SFT.ER100_2851500245200.0674061F13EB17I140B0E.3.X3_11.png,2
SFT.ER100_2851500245200.0674061F13EB17I2107ED.2.X3_1.png,2
SFT.ER100_2851586906200.06433115311016F16E5E3.4.X25_11.png,2
SFT.ER100_2851565511200.14060215311016F14790A.14.png,1
SFT.ER100_2851565511200.14060215311016F1690B7.14.png,1
SFT.ER100_2851500245200.0674061F13EB16F2902EC.11.png,1
SFT.ER100_2851527120200.1190021F13EB16H019060.7.png,1
SFT.ER100_2851609602200.1546031F13EB16H018CED.9.png,1
SFT.ER100_2851546431200.1107141F13EB16F070FF1.11.png,1
SFT.ER100_2851524111200.0998021F13EB16F260D93.3.png,1
SFT.ER100_2851565511200.14060215311016G075574.13.png,1
SFT.ER100_2851547223200.0398221F13EB16G020B74.10.X25_2.png,2
SFT.ER100_2851605203200.1573011F13EB16F190259.10.png,1
SFT.ER100_2851534712200.1164011F13EB16G030D81.9.png,1
SFT.ER100_2851539608200.0996011F13EB16F150EF2.11.png,1
SFT.ER100_2851546431200.11071415311016F17AF9B.13.png,1
SFT.ER100_2851500245200.0674061F13EB16F120AD2.3.png,1
SFT.ER100_2851565511200.14060215311016G056541.8.png,1
SFT.ER100_2851609602200.15460315311016G067730.3.png,1
SFT.ER100_2851524111200.0998021F13EB16G09053B.9.X25_4.png,2
SFT.ER100_2851546431200.1107141F13EB16F27A346.13.X25_8.png,2
SFT.ER100_2851546431200.11071415311016F047B04.11.png,1
SFT.ER100_2851586906200.06433115311016F15BB60.9.X25_Org.png,1
SFT.ER100_2851527120200.1190021F13EB16H019960.10.png,1
SFT.ER100_2851557840200.1030021F1AAF17H3101D5.7.X3_8.png,2
SFT.ER100_2851546431200.11071415311016F17B268.10.png,1
SFT.ER100_2851546431200.1107141F13EB16F070F88.8.png,1
SFT.ER100_2851547241200.039822155FB517J280847.11.X3_10.png,2
SFT.ER100_2851561919200.14950415311016F06A171.9.png,1
SFT.ER100_2851546431200.1107141F13EB16F27887F.11.X25_10.png,2
SFT.ER100_2851561919200.14950415311016F06D3D2.3.png,1
SFT.ER100_2851547223200.0398221F13EB16E1906A3.8.X25_10.png,2
SFT.ER100_2851559818200.140404155FB516G1901E4.7_6.png,2
SFT.ER100_2851524111200.0998021F13EB16F260DE7.9.png,1
SFT.ER100_2851605203200.1573011F13EB16F200550.12.png,1
SFT.ER100_2851577411200.1497311F13EB16H238A38.7.X25_10.png,2
SFT.ER100_2851547223200.0398221F13EB16E090598.14.X25_9.png,2
SFT.ER100_2851527120200.1190021F13EB16G178855.7.png,1
SFT.ER100_2851609602200.1546031F13EB16H018ABC.3.png,1
SFT.ER100_2851561919200.14950415311016F06D4FB.10.png,1
SFT.ER100_2851547223200.039822155FB516D2809E8.8.X25_10.png,2
SFT.ER100_2851500245200.0674061F13EB17I140C01.3.X3_1.png,2
SFT.ER100_2851527120200.1190021F13EB16H0194CB.13.png,1
SFT.ER100_2851561635200.14950415311016I14C3DF.10_11.png,2
SFT.ER100_2851546431200.1107141F13EB16F050B6B.10.png,1
SFT.ER100_2851547223200.039822155FB516D2823F8.8.X25_7.png,2
SFT.ER100_2851561919200.14950415311016F06D4D7.7.png,1
SFT.ER100_2851609602200.15460315311016G067043.4.png,1
SFT.ER100_2851546431200.1107141F13EB16F118543.11.X25_8.png,2
SFT.ER100_2851524111200.0998021F13EB16G09071E.9.X25_6.png,2
SFT.ER100_2851546431200.1107141F13EB16F070E83.14.png,1
SFT.ER100_2851577412200.1497311F13EB17I07961D.8.X3_6.png,2
SFT.ER100_2851561919200.14950415311016F06DAEA.4.png,1
SFT.ER100_2851609602200.15460315311016G067277.6.png,1
SFT.ER100_2851547223200.0398221F13EB16G021C6F.11.X25_8.png,2
SFT.ER100_2851586906200.06433115311016D1734F4.7.png,1
SFT.ER100_2851577411200.1497311F13EB16H198597.8.X25_7.png,2
SFT.ER100_2851524312200.0998021F13EB16G10085C.3.X25_2.png,2
SFT.ER100_2851546431200.1107141F13EB16F119152.13.png,1
SFT.ER100_2851565511200.14060215311016F14702A.11.png,1
SFT.ER100_2851577412200.14973115311017J176A72.14.X3_4.png,2
SFT.ER100_2851577411200.1497311F13EB16H2306A6.7.X25_3.png,2
SFT.ER100_2851561919200.14950415311016F06A108.9.png,1
SFT.ER100_2851609602200.1546031F13EB16H018E5B.10.png,1
SFT.ER100_2851527120200.1190021F13EB16H0380C9.14.png,1
SFT.ER100_2851500245200.0674061F13EB17I140BF8.12.X3_2.png,2
SFT.ER100_2851546431200.1107141F13EB16F070CC1.8.png,1
SFT.ER100_2851565511200.14060215311016G056634.11.png,1
SFT.ER100_2851605203200.1573011F13EB16F1903D3.12.png,1
SFT.ER100_2851539608200.0996011F13EB16F17022F.14.png,1
SFT.ER100_2851557840200.1030021F13EB17I131732.11.X3_11.png,2
SFT.ER100_2851609602200.1546031F13EB16H018A74.10.png,1
SFT.ER100_2851609602200.15460315311016G067052.6.png,1
SFT.ER100_2851500245200.0674061F13EB17I1405B3.11.X3_6.png,2
SFT.ER100_2851561919200.14950415311016F06A108.10.png,1
SFT.ER100_2851565511200.14060215311016G018800.7.png,1
SFT.ER100_2851500245200.0674061F13EB17I140133.12.X3_1.png,2
SFT.ER100_2851565511200.14060215311016G049804.14.png,1
SFT.ER100_2851586906200.06433115311016D14296D.3.png,1
SFT.ER100_2851605203200.1573011F13EB16F200D21.6.png,1
SFT.ER100_2851539608200.0996011F13EB16F010154.13.png,1
SFT.ER100_2851557818200.1030021F13EB16F040B98.11.png,1
SFT.ER100_2851524111200.09980215311016H2381C2.9.png,1
SFT.ER100_2851561919200.14950415311016F06D47A.7.png,1
SFT.ER100_2851565511200.14060215311016G075625.8.png,1
SFT.ER100_2851565511200.1406021F13EB16G13920C.13.X25_5.png,2
SFT.ER100_2851561919200.14950415311016F06A1DA.9.png,1
SFT.ER100_2851539608200.0996011F13EB16F15078D.10.png,1
SFT.ER100_2851565511200.1406021F13EB16G270ACC.7.X25_9.png,2
SFT.ER100_2851609602200.15460315311016G067106.10.png,1
SFT.ER100_2851565511200.14060215311016G02D1D8.11.png,1
SFT.ER100_2851557818200.1030021F13EB16G121C06.14.X25_9.png,2
SFT.ER100_2851586906200.06433115311016F16E51D.4.X25_6.png,2
SFT.ER100_2851577412200.14973115311017J199461.14.X3_1.png,2
SFT.ER100_2851524312200.09980215311016G218F04.4.png,1
SFT.ER100_2851527120200.1190021F13EB16H019252.10.png,1
SFT.ER100_2851527120200.1190021F13EB16G178A89.8.png,1
SFT.ER100_2851609602200.15460315311016G067664.10.png,1
SFT.ER100_2851500245200.0674061F13EB17I140C01.7.X3_4.png,2
SFT.ER100_2851577412200.14973115311017K054BB9.13.X3_Org.png,2
SFT.ER100_2851546431200.11071415311016F17B33A.8.png,1
SFT.ER100_2851546431200.11071415311016F17AF4A.14.png,1
SFT.ER100_2851524312200.0998021F13EB16G09051D.6.X25_Org.png,2
SFT.ER100_2851605203200.1573011F13EB16F22036D.7.png,1
SFT.ER100_2851546431200.11071415311016F17B154.13.png,1
SFT.ER100_2851547223200.0398221F13EB16E080F43.10.png,2
SFT.ER100_2851561919200.14950415311016E146BB5.3.png,1
SFT.ER100_2851557818200.1030021F13EB16F040BA1.10.png,1
SFT.ER100_2851561919200.14950415311016F06D3D2.9.png,1
SFT.ER100_2851609602200.15460315311016G06732B.10.png,1
SFT.ER100_2851565511200.14060215311016G018830.10.png,1
SFT.ER100_2851527120200.1190021F13EB16H019438.8.png,1
SFT.ER100_2851557818200.1030021F13EB16F060043.8.png,1
SFT.ER100_2851565511200.14060215311016G056919.8.png,1
SFT.ER100_2851586906200.06433115311016D1760E6.10.png,1
SFT.ER100_2851500245200.0674061F13EB16G10000D.5.png,1
SFT.ER100_2851605203200.1573011F13EB16F1903F1.6.png,1
SFT.ER100_2851546431200.1107141F13EB16F070E56.10.png,1
SFT.ER100_2851512851200.1137021F13EB14H300028.11_8.png,2
SFT.ER100_2851609602200.1546031F13EB16H018DA1.9.png,1
SFT.ER100_2851561919200.14950415311016F06A0BD.4.png,1
SFT.ER100_2851609602200.1546031F13EB16H018DFB.9.png,1
SFT.ER100_2851586906200.06433115311016F15BB60.9.X25_8.png,2
SFT.ER100_2851524111200.0998021F13EB16F260DC9.3.png,1
SFT.ER100_2851524111200.09980215311016H2188DE.10.png,1
SFT.ER100_2851500245200.0674061F13EB16F2902B0.12.png,1
SFT.ER100_2851527120200.1190021F13EB16H0195C7.7.png,1
SFT.ER100_2851586906200.06433115311016D1760F5.7.png,1
SFT.ER100_2851546431200.1107141F13EB16G110BEE.13.X25_5.png,2
SFT.ER100_2851500245200.0674061F13EB16F120AC0.3.png,1
SFT.ER100_2851546431200.1107141F13EB16F070F9A.13.png,1
SFT.ER100_2851586912200.0643311F13EB16F059108.10.X25_11.png,2
SFT.ER100_2851586906200.06433115311016F16E103.4.X25_7.png,2
SFT.ER100_2851527120200.1190021F13EB16H0197AD.13.png,1
SFT.ER100_2851565530200.14060215311017J110268.8.X3_2.png,2
SFT.ER100_2851524111200.09980215311016H2189EC.9.png,1
SFT.ER100_2851557818200.1030021F13EB16F190385.11.X25_5.png,2
SFT.ER100_2851565511200.14060215311016F14749B.8.png,1
SFT.ER100_2851527120200.1190021F13EB16G178A5C.8.png,1
SFT.ER100_2851524312200.09980215311016G218D90.10.png,1
SFT.ER100_2851609602200.1546031F13EB16H018AD1.3.png,1
SFT.ER100_2851609602200.1546031F13EB16H018D29.7.png,1
SFT.ER100_2851586906200.06433115311016D1735DB.6.png,1
SFT.ER100_2851546431200.1107141F13EB16F070C61.7.png,1
SFT.ER100_2851574210200.157301155FB516G181BD0.9.X25_11.png,2
SFT.ER100_2851557818200.1030021F13EB16F0606AF.8.png,1
SFT.ER100_2851500245200.0674061F13EB17I140BF8.12.X3_5.png,2
SFT.ER100_2851524111200.09980215311016H2381B3.6.png,1
SFT.ER100_2851547223200.039822155FB516D280CDF.8.X25_8.png,2
SFT.ER100_2851512851200.1137021F13EB14H300028.11_4.png,2
SFT.ER100_2851561919200.14950415311016F06D738.6.png,1
SFT.ER100_2851527120200.1190021F13EB16H019426.11.png,1
SFT.ER100_2851561919200.14950415311016F06CE7D.7.png,1
SFT.ER100_2851565512200.1406021F13EB16G138084.14.X25_4.png,2
SFT.ER100_2851586906200.06433115311016D09892F.6.png,1
SFT.ER100_2851609602200.15460315311016G06733D.9.png,1
SFT.ER100_2851609602200.1546031F13EB16H018AE3.6.png,1
SFT.ER100_2851500245200.0674061F13EB16G1002D1.7.png,1
SFT.ER100_2851524312200.0998021F13EB16F2618DF.4.png,1
SFT.ER100_2851500245200.0674061F13EB16F120A27.3.png,1
SFT.ER100_2851609602200.1546031F13EB16H018A2F.10.png,1
SFT.ER100_2851546431200.11071415311016F047C72.14.png,1
SFT.ER100_2851609602200.1546031F13EB16H018AF2.9.png,1
SFT.ER100_2851605203200.1573011F13EB16F220F28.7.png,1
SFT.ER100_2851524111200.09980215311016H2186BC.7.png,1
SFT.ER100_2851524111200.09980215311016H218227.3.X25_6.png,2
SFT.ER100_2851605203200.1573011F13EB16F2200A3.12.png,1
SFT.ER100_2851586906200.06433115311016F11A514.6.X25_11.png,2
SFT.ER100_2851527120200.1190021F13EB16G178BB8.10.png,1
SFT.ER100_2851500245200.0674061F13EB17I140C01.12.X3_10.png,2
SFT.ER100_2851586906200.06433115311016D1736C5.3.png,1
SFT.ER100_2851524111200.0998021F13EB16G1101E1.9.png,1
SFT.ER100_2851577411200.1497311F13EB16H198597.8.X25_10.png,2
SFT.ER100_2851561919200.14950415311016F06A2CD.3.png,1
SFT.ER100_2851565511200.14060215311016G075595.11.png,1
SFT.ER100_2851565511200.14060215311016G055637.11.png,1
SFT.ER100_2851561919200.14950415311016E246CD2.6.png,1
SFT.ER100_2851561919200.14950415311016F06A306.7.png,1
SFT.ER100_2851565511200.14060215311016F16926D.10.png,1
SFT.ER100_2851546431200.1107141F13EB16F070CF7.7.png,1
SFT.ER100_2851500245200.0674061F13EB16G10000A.12.png,1
SFT.ER100_2851527120200.1190021F13EB16G178ADD.13.png,1
SFT.ER100_2851527120200.1190021F13EB16G178ACE.13.png,1
SFT.ER100_2851561919200.14950415311016E246CD2.9.png,1
SFT.ER100_2851609602200.15460315311016G067013.6.png,1
SFT.ER100_2851524312200.0998021F13EB16F2615F4.7.png,1
SFT.ER100_2851546431200.1107141F13EB16F070CC1.7.png,1
SFT.ER100_2851574506200.157201155FB514F240301.6_5.png,2
SFT.ER100_2851609602200.15460315311016G067883.7.png,1
SFT.ER100_2851546431200.1107141F13EB16F070C76.7.png,1
SFT.ER100_2851546431200.1107141F13EB16F27A3C4.11.X25_9.png,2
SFT.ER100_2851547223200.0398221F13EB16E1002E3.7.X25_5.png,2
SFT.ER100_2851586906200.06433115311016D14297F.3.png,1
SFT.ER100_2851586906200.06433115311016D1977D9.10.png,1
SFT.ER100_2851546431200.1107141F13EB16E29804B.8.png,1
SFT.ER100_2851546431200.11071415311016F047DFB.7.png,1
SFT.ER100_2851586912200.06433115311017H036CD4.3.X3_7.png,2
SFT.ER100_2851587504200.0674061F13EB17I2108A7.7.X3_2.png,2
SFT.ER100_2851586906200.0643311F13EB16D211E6B.4.png,1
SFT.ER100_2851577411200.1497311F13EB16H2383A5.7.X25_Org.png,2
SFT.ER100_2851524312200.09980215311016G218E05.6.png,1
SFT.ER100_2851527120200.1190021F13EB16G178AB3.13.png,1
SFT.ER100_2851609602200.15460315311016G067325.7.png,1
SFT.ER100_2851534713200.11640115311017G147D56.6.X3_4.png,2
SFT.ER100_2851557818200.1030021F13EB16F190385.11.X25_3.png,2
SFT.ER100_2851565511200.1406021F13EB16G270ACC.7.X25_5.png,2
SFT.ER100_2851605203200.1573011F13EB16F190247.12.png,1
SFT.ER100_2851500245200.0674061F13EB16F120A1B.2.png,1
SFT.ER100_2851609602200.1546031F13EB16H018DB9.9.png,1
SFT.ER100_2851609602200.15460315311016G067037.4.png,1
SFT.ER100_2851586906200.06433115311016D09341F.9.png,1
SFT.ER100_2851527120200.1190021F13EB16G178B49.13.png,1
SFT.ER100_2851500245200.0674061F13EB17I140B0E.12.X3_7.png,2
SFT.ER100_2851609602200.15460315311016G06767F.6.png,1
SFT.ER100_2851546422200.11071415311015G1686A9.11_3.png,2
SFT.ER100_2851524111200.0998021F13EB16F260C1C.7.png,1
SFT.ER100_2851561919200.14950415311016F06D858.9.png,1
SFT.ER100_2851500245200.0674061F13EB17I140C01.3.X3_10.png,2
SFT.ER100_2851546431200.11071415311016G18E9F9.14.X25_9.png,2
SFT.ER100_2851587504200.0674061F13EB17I2100F1.7.X3_6.png,2
SFT.ER100_2851577412200.1497311F13EB17I07961D.11.X3_7.png,2
SFT.ER100_2851557840200.1030021F1AAF17H3101D5.7.X3_9.png,2
SFT.ER100_2851546431200.1107141F13EB16F070C91.14.png,1
SFT.ER100_2851587504200.0674061F13EB17I21011E.5.X3_4.png,2
SFT.ER100_2851547223200.0398221F13EB16G020B74.10.X25_7.png,2
SFT.ER100_2851524111200.09980215311016G068E30.3.X25_7.png,2
SFT.ER100_2851586906200.06433115311016D1760E6.4.png,1
SFT.ER100_2851546431200.1107141F13EB16G110BEE.14.X25_5.png,2
SFT.ER100_2851546422200.11071415311015G1686A9.11_6.png,2
SFT.ER100_2851565511200.14060215311016G056109.8.png,1
SFT.ER100_2851547223200.0398221F13EB16E0406CD.10.png,1
SFT.ER100_2851561935200.1495041F13EB16E236B62.4.png,1
SFT.ER100_2851561919200.14950415311016F06A192.3.png,1
SFT.ER100_2851586906200.06433115311016F207DE6.10.X25_5.png,2
SFT.ER100_2851539608200.0996011F13EB16F07012A.7.png,1
SFT.ER100_2851565511200.14060215311016F16915F.13.png,1
SFT.ER100_2851587504200.0674061F13EB17I210C3A.7.X3_11.png,2
SFT.ER100_2851539608200.0996011F13EB16F040A2A.10.png,1
SFT.ER100_2851586906200.06433115311016D1978D2.4.png,1
SFT.ER100_2851524312200.09980215311016G218EC5.7.png,1
SFT.ER100_2851524111200.09980215311016G068E30.3.X25_6.png,2
SFT.ER100_2851500245200.0674061F13EB16F2902C8.3.png,1
SFT.ER100_2851609602200.1546031F13EB16H0180B7.9.png,1
SFT.ER100_2851561919200.14950415311016F06A303.3.png,1
SFT.ER100_2851565512200.1406021F13EB16G138084.14.X25_3.png,2
SFT.ER100_2851565511200.1406021F13EB16G13920C.13.X25_1.png,2
SFT.ER100_2851524111200.0998021F13EB16G1706D0.9.png,1
SFT.ER100_2851565511200.14060215311016F16915F.10.png,1
SFT.ER100_2851500245200.0674061F13EB17I1405B3.11.X3_10.png,2
SFT.ER100_2851500245200.0674061F13EB17I140C01.7.X3_9.png,2
SFT.ER100_2851527120200.1190021F13EB16G15800C.10.png,1
SFT.ER100_2851605203200.1573011F13EB16F22021A.7.png,1
SFT.ER100_2851524312200.0998021F13EB16F261E13.7.png,1
SFT.ER100_2851533412200.1190011F13EB16F218A0E.13.png,1
SFT.ER100_2851609602200.1546031F13EB16H018C6F.6.png,1
SFT.ER100_2851500245200.0674061F13EB16G1703A0.5.png,1
SFT.ER100_2851546431200.1107141F13EB16F070EA7.14.png,1
SFT.ER100_2851524111200.09980215311016H2382D3.9.png,1
SFT.ER100_2851586906200.06433115311016F16E103.4.X25_8.png,2
SFT.ER100_2851534713200.1164011F13EB17I15024A.6.X3_9.png,2
SFT.ER100_2851577411200.1497311F13EB16H070E83.7.X25_8.png,2
SFT.ER100_2851557818200.1030021F13EB16F040679.7.png,1
SFT.ER100_2851586912200.06433115311016F128FE7.4.X25_6.png,2
SFT.ER100_2851547223200.0398221F13EB16E090241.14.X25_4.png,2
SFT.ER100_2851524312200.0998021F13EB16G09026B.9.X25_10.png,2
SFT.ER100_2851546431200.11071415311016F17B27D.14.png,1
SFT.ER100_2851586906200.06433115311016F11A514.6.X25_8.png,2
SFT.ER100_2851527120200.1190021F13EB16H01926D.13.png,1
SFT.ER100_2851609602200.1546031F13EB16H018A9B.3.png,1
SFT.ER100_2851546431200.1107141F13EB16F070FB2.10.png,1
SFT.ER100_2851547241200.039822155FB517J280847.11.X3_11.png,2
SFT.ER100_2851527120200.1190021F13EB16G178C00.8.png,1
SFT.ER100_2851547223200.0398221F13EB16E1900A9.7.X25_9.png,2
SFT.ER100_2851546431200.1107141F13EB16F27887F.11.X25_3.png,2
SFT.ER100_2851561635200.1495041F13EB16E21533C.9.png,1
SFT.ER100_2851539608200.099601155FB516F100736.8.png,2
SFT.ER100_2851546431200.1107141F13EB16F118957.8.png,1
SFT.ER100_2851557818200.1030021F13EB16F040103.8.png,1
SFT.ER100_2851527120200.1190021F13EB16H0191B6.11.png,1
SFT.ER100_2851565511200.14060215311016G049699.14.png,1
SFT.ER100_2851577411200.1497311F13EB16H2381C8.10.X25_1.png,2
SFT.ER100_2851527120200.1190021F13EB16H019972.7.png,1
SFT.ER100_2851547223200.0398221F13EB16E2008A4.8.X25_9.png,2
SFT.ER100_2851500245200.0674061F13EB17I2107ED.2.X3_6.png,2
SFT.ER100_2851586906200.06433115311016D14294C.10.png,1
SFT.ER100_2851609602200.1546031F13EB16H018B76.10.png,1
SFT.ER100_2851586906200.06433115311016D17342B.3.png,1
SFT.ER100_2851539608200.0996011F13EB16F140289.8.png,1
SFT.ER100_2851546431200.11071415311016F047D62.13.png,1
SFT.ER100_2851565511200.14060215311016F16901B.11.png,1
SFT.ER100_2851605203200.1573011F13EB16F220712.7.png,1
SFT.ER100_2851500245200.0674061F13EB17I140133.12.X3_10.png,2
SFT.ER100_2851524312200.0998021F13EB16F2613ED.6.png,1
SFT.ER100_2851574210200.1573011F13EB16G2309CD.11.X25_6.png,2
SFT.ER100_2851524111200.09980215311016H238171.3.X25_1.png,2
SFT.ER100_2851609602200.1546031F13EB16H018A89.4.png,1
SFT.ER100_2851565511200.14060215311016G018782.8.png,1
SFT.ER100_2851546431200.1107141F13EB16F070E41.13.png,1
SFT.ER100_2851586906200.06433115311016F128FC6.9.X25_3.png,2
SFT.ER100_2851559818200.140404155FB516G1901E4.7_10.png,2
SFT.ER100_2851565511200.14060215311016G018812.10.png,1
SFT.ER100_2851539608200.0996011F13EB16F14051A.8.png,1
SFT.ER100_2851547223200.0398221F13EB16E0904B7.14.X25_9.png,2
SFT.ER100_2851547241200.0398221F13EB17I15031C.14.X3_9.png,2
SFT.ER100_2851524312200.0998021F13EB16F2619F0.7.png,1
SFT.ER100_2851557818200.1030021F13EB16F0404D2.13.png,1
SFT.ER100_2851524111200.0998021F13EB16G1701AB.4.png,1
SFT.ER100_2851577412200.1497311F13EB17I07961D.8.X3_8.png,2
SFT.ER100_2851527120200.1190021F13EB16H019252.7.png,1
SFT.ER100_2851577412200.14973115311017J176AB7.13.X3_11.png,2
SFT.ER100_2851565511200.14060215311016F147474.11.png,1
SFT.ER100_2851546431200.1107141F13EB16F070A09.10.png,1
SFT.ER100_2851500245200.0674061F13EB16G1705FE.3.png,1
SFT.ER100_2851609602200.15460315311016G06764F.4.png,1
SFT.ER100_2851565511200.14060215311016G029231.8.png,1
SFT.ER100_2851574210200.1573011F13EB16G200997.7.X25_4.png,2
SFT.ER100_2851546431200.11071415311016F157D85.10.png,1
SFT.ER100_2851586906200.06433115311016D1761FA.6.png,1
SFT.ER100_2851609602200.1546031F13EB16H018B2E.6.png,1
SFT.ER100_2851561919200.14950415311016F06DB0E.4.png,1
SFT.ER100_2851577411200.1497311F13EB16H070E83.7.X25_5.png,2
SFT.ER100_2851586906200.06433115311016D1734C4.3.png,1
SFT.ER100_2851557818200.1030021F13EB16F190385.14.X25_3.png,2
SFT.ER100_2851609602200.1546031F13EB16H018D2F.4.png,1
SFT.ER100_2851557818200.1030021F13EB16F190385.11.X25_9.png,2
SFT.ER100_2851524111200.0998021F13EB16F260CD0.10.png,1
SFT.ER100_2851561919200.14950415311016E246CDB.7.png,1
SFT.ER100_2851546431200.1107141F13EB16F070BE0.13.png,1
SFT.ER100_2851565511200.14060215311016G056103.14.png,1
SFT.ER100_2851524312200.09980215311016G219273.10.png,1
SFT.ER100_2851577412200.14973115311017J199461.14.X3_5.png,2
SFT.ER100_2851524111200.09980215311016H238168.9.X25_5.png,2
SFT.ER100_2851561919200.14950415311016E146CC0.4.png,1
SFT.ER100_2851524111200.0998021F13EB16G090553.9.X25_5.png,2
SFT.ER100_2851547241200.0398221F13EB17I050391.13.X3_1.png,1
SFT.ER100_2851586906200.06433115311016D1735BD.9.png,1
SFT.ER100_2851524312200.09980215311016G218E05.4.png,1
SFT.ER100_2851524112200.0998021F13EB16H241144.9.X25_2.png,2
SFT.ER100_2851577412200.14973115311017J176AB7.14.X3_6.png,2
SFT.ER100_2851546431200.11071415311016F047D59.14.png,1
SFT.ER100_2851539609200.0996011F13EB16J240D6F.14.X25_6.png,2
SFT.ER100_2851565511200.14060215311016G02D1B7.14.png,1
SFT.ER100_2851546431200.1107141F13EB16G110BEE.13.X25_1.png,2
SFT.ER100_2851561919200.14950415311016F06D92A.10.png,1
SFT.ER100_2851565511200.14060215311016G029231.7.png,1
SFT.ER100_2851586906200.06433115311016D09330E.9.png,1
SFT.ER100_2851539808200.0996011F13EB16I300796.10.X25_1.png,1
SFT.ER100_2851609602200.15460315311016G067181.7.png,1
SFT.ER100_2851565511200.14060215311016F14702D.10.png,1
SFT.ER100_2851565511200.14060215311016F147735.13.png,1
SFT.ER100_2851527120200.1190021F13EB16H019186.14.png,1
SFT.ER100_2851546431200.1107141F13EB16F070BCB.14.png,1
SFT.ER100_2851546431200.1107141F13EB16E298057.13.png,1
SFT.ER100_2851609602200.1546031F13EB16H018DBC.6.png,1
SFT.ER100_2851524312200.09980215311016G219396.6.png,1
SFT.ER100_2851557818200.1030021F13EB16F0409F4.13.png,1
SFT.ER100_2851561919200.14950415311016F06C6A1.6.png,1
SFT.ER100_2851500245200.0674061F13EB16G1002CB.2.png,1
SFT.ER100_2851546431200.11071415311016F047F45.10.png,1
SFT.ER100_2851609602200.15460315311016G06730A.6.png,1
SFT.ER100_2851546431200.11071415311016F047D4D.8.png,1
SFT.ER100_2851500245200.0674061F13EB16F2903EE.11.png,1
SFT.ER100_2851609602200.15460315311016G06798B.6.png,1
SFT.ER100_2851586906200.06433115311016D1978E4.6.png,1
SFT.ER100_2851609602200.15460315311016G067940.10.png,1
SFT.ER100_2851546431200.1107141F13EB16F070C79.10.png,1
SFT.ER100_2851577411200.1497311F13EB16H198597.8.X25_1.png,1
SFT.ER100_2851524111200.0998021F13EB16F260E2F.3.png,1
SFT.ER100_2851546431200.11071415311016G22B3D8.13.X25_8.png,2
SFT.ER100_2851547223200.039822155FB516D2807B1.8.X25_6.png,2
SFT.ER100_2851524312200.09980215311016G218EC5.4.png,1
SFT.ER100_2851527120200.1190021F13EB16H019972.13.png,1
SFT.ER100_2851609602200.1546031F13EB16H018D29.9.png,1
SFT.ER100_2851609602200.15460315311016G067271.3.png,1
SFT.ER100_2851546431200.1107141F13EB16F070E47.10.png,1
SFT.ER100_2851586906200.06433115311016D1735AE.10.png,1
SFT.ER100_2851527120200.1190021F13EB16G178090.14.png,1
SFT.ER100_2851609602200.1546031F13EB16H018CD2.3.png,1
SFT.ER100_2851609602200.1546031F13EB16H018E43.3.png,1
SFT.ER100_2851577412200.1497311F13EB17I079269.11.X3_9.png,2
SFT.ER100_2851565511200.14060215311016G056643.8.png,1
SFT.ER100_2851546431200.1107141F13EB16F070D03.13.png,1
SFT.ER100_2851527120200.1190021F13EB16G178954.8.png,1
SFT.ER100_2851546431200.1107141F13EB16F27A346.14.X25_8.png,2
SFT.ER100_2851609602200.15460315311016G067322.7.png,1
SFT.ER100_2851546431200.11071415311016F047F4B.7.png,1
SFT.ER100_2851524312200.09980215311016H091A10.9.png,1
SFT.ER100_2851586906200.06433115311016D1736C8.10.png,1
SFT.ER100_2851546431200.1107141F13EB16F27807B.11.X25_3.png,2
SFT.ER100_2851500245200.0674061F13EB17I140C01.3.X3_4.png,2
SFT.ER100_2851527120200.1190021F13EB16H01969C.14.png,1
SFT.ER100_2851557818200.1030021F13EB16F040B29.8.png,1
SFT.ER100_2851546431200.11071415311016G22B3D8.13.X25_9.png,2
SFT.ER100_2851546431200.1107141F13EB16F118ABC.8.png,1
SFT.ER100_2851609602200.15460315311016G067670.9.png,1
SFT.ER100_2851500245200.0674061F13EB17I210B56.5.X3_2.png,2
SFT.ER100_2851524111200.09980215311016H2186DA.9.png,1
SFT.ER100_2851561919200.1495041F13EB16E23A3AF.6.png,1
SFT.ER100_2851546431200.11071415311016G12929F.11.X25_1.png,1
SFT.ER100_2851547223200.039822155FB516D2823F8.8.X25_11.png,2
SFT.ER100_2851557818200.1030021F13EB16F040115.8.png,1
SFT.ER100_2851546431200.11071415311016F047E9A.14.png,1
SFT.ER100_2851546431200.1107141F13EB16F070F0D.14.png,1
SFT.ER100_2851565511200.14060215311016F1472CD.13.png,1
SFT.ER100_2851574210200.1573011F13EB16G2403B8.6.X25_3.png,2
SFT.ER100_2851527120200.1190021F13EB16H019684.14.png,1
SFT.ER100_2851609602200.1546031F13EB16H018D14.3.png,1
SFT.ER100_2851586906200.06433115311016D1977B5.9.png,1
SFT.ER100_2851565511200.14060215311016F147781.10.png,1
SFT.ER100_2851547223200.0398221F13EB16E1002E3.7.X25_6.png,2
SFT.ER100_2851609602200.15460315311016G067655.9.png,1
SFT.ER100_2851546431200.11071415311016F17B268.11.png,1
SFT.ER100_2851609602200.1546031F13EB16G27800C.6.png,1
SFT.ER100_2851547223200.039822155FB516D2823F8.8.X25_8.png,2
SFT.ER100_2851609602200.15460315311016G067322.3.png,1
SFT.ER100_2851565511200.14060215311016G056370.13.png,1
SFT.ER100_2851546431200.1107141F13EB16G110BEE.13.X25_4.png,2
SFT.ER100_2851524111200.09980215311016H2187CA.4.png,1
SFT.ER100_2851524111200.0998021F13EB16G09053B.9.X25_10.png,2
SFT.ER100_2851565511200.14060215311016G049699.8.png,1
SFT.ER100_2851546431200.11071415311016F17B4F9.7.png,1
SFT.ER100_2851533112200.1190011F13EB16F218C1E.10.png,1
SFT.ER100_2851565511200.14060215311016F1473E7.14.png,1
SFT.ER100_2851609602200.15460315311016G06764F.7.png,1
SFT.ER100_2851547241200.0398221F13EB17I15031C.14.X3_4.png,2
SFT.ER100_2851546431200.11071415311016F17B10C.10.png,1
SFT.ER100_2851586906200.06433115311016F11A514.6.X25_9.png,2
SFT.ER100_2851546431200.11071415311016G18E9F9.14.X25_1.png,1
SFT.ER100_2851546431200.1107141F13EB16F27A2E0.11.X25_8.png,2
SFT.ER100_2851565530200.14060215311017J110259.8.X3_6.png,2
SFT.ER100_2851557840200.1030021F13EB17I131732.10.X3_10.png,2
SFT.ER100_2851565511200.14060215311016G029186.8.png,1
SFT.ER100_2851527120200.1190021F13EB16H0198AF.13.png,1
SFT.ER100_2851565511200.14060215311016G018815.8.png,1
SFT.ER100_2851524312200.09980215311016G218E05.10.png,1
SFT.ER100_2851500245200.0674061F13EB16G10000D.11.png,1
SFT.ER100_2851574213200.1573011F13EB17A17154F.12.X25_2.png,1
SFT.ER100_2851565511200.14060215311016F1690B7.8.png,1
SFT.ER100_2851565511200.14060215311016G056481.11.png,1
SFT.ER100_2851609602200.1546031F13EB16G278009.3.png,1
SFT.ER100_2851527120200.1190021F13EB16H0196BD.8.png,1
SFT.ER100_2851524111200.09980215311016G088245.3.X25_Org.png,2
SFT.ER100_2851561919200.14950415311016F06D91B.3.png,1
SFT.ER100_2851500245200.0674061F13EB16F120A7E.5.png,1
SFT.ER100_2851586906200.06433115311016D1761C1.7.png,1
SFT.ER100_2851527120200.1190021F13EB16H0380CC.10.png,1
SFT.ER100_2851565511200.14060215311016G056397.11.png,1
SFT.ER100_2851565511200.14060215311016F147474.13.png,1
SFT.ER100_2851524111200.0998021F13EB16G1703E5.6.png,1
SFT.ER100_2851561919200.14950415311016F06D813.3.png,1
SFT.ER100_2851609602200.1546031F13EB16G250EE0.7.png,1
SFT.ER100_2851546431200.11071415311016F17B214.7.png,1
SFT.ER100_2851565511200.14060215311016F1691B3.7.png,1
SFT.ER100_2851609602200.15460315311016G06741E.3.png,1
SFT.ER100_2851565511200.14060215311016G018785.14.png,1
SFT.ER100_2851546431200.1107141F13EB16F070CF7.8.png,1
SFT.ER100_2851527120200.1190021F13EB16H0198AF.14.png,1
SFT.ER100_2851546431200.1107141F13EB16G110BEE.14.X25_1.png,2
SFT.ER100_2851565511200.1406021F13EB16G270A27.14.X25_1.png,1
SFT.ER100_2851539609200.0996011F13EB16I160CF1.8.X25_2.png,2
SFT.ER100_2851524111200.09980215311016H238168.9.X25_11.png,2
SFT.ER100_2851546431200.1107141F13EB16F070D51.14.png,1
SFT.ER100_2851527120200.1190021F13EB16G1789DE.13.png,1
SFT.ER100_2851500245200.0674061F13EB16F120A51.2.png,1
SFT.ER100_2851500245200.0674061F13EB16G1706E5.5.png,1
SFT.ER100_2851524111200.09980215311016H2184DC.3.X25_4.png,2
SFT.ER100_2851577412200.14973115311017J176AB7.13.X3_1.png,2
SFT.ER100_2851542436200.06432515311016C280FC0.11.png,1
SFT.ER100_2851527120200.1190021F13EB16H019252.14.png,1
SFT.ER100_2851565530200.14060215311017J110268.8.X3_6.png,2
SFT.ER100_2851609602200.15460315311016G06788C.6.png,1
