SFT.ER100_2851594715200.1030101F13EB17L210013.2.png,OK
SFT.ER100_2851557840200.103002155FB518A02004F.6.png,OK
SFT.ER100_2851577412200.14973115311018A265193.13.png,OK
SFT.ER100_2851605203200.1573011F13EB17K28031C.6.png,OK
SFT.ER100_2851645102200.1258011F13EB17K2914B6.4.png,OK
SFT.ER100_2851533115200.1190011F13EB18A1100A0.6.png,NOK
SFT.ER100_2851594715200.1030101F13EB17L210037.2.png,OK
SFT.ER100_2851645102200.1258011F13EB17K2914CE.4.png,OK
SFT.ER100_2851533415200.11900115311018B05A12F.3.png,OK
SFT.ER100_2851557840200.103002155FB517L0305A1.14.png,NOK
SFT.ER100_2851577412200.14973115311018A2651A5.10.png,OK
SFT.ER100_2851586912200.06433115311017K288211.7.png,OK
SFT.ER100_2851642600200.1174011F1AAF17J270037.3.png,OK
SFT.ER100_2851557840200.103002155FB518A02003D.6.png,OK
SFT.ER100_2851533115200.1190011F13EB18A1100AC.2.png,NOK
SFT.ER100_2851557840200.103002155FB518A02004F.3.png,NOK
SFT.ER100_2851586912200.06433115311017K288211.6.png,OK
SFT.ER100_2851557832200.1030021F13EB17L050028.10.png,OK
SFT.ER100_2851586931200.06433115311017K249203.7.png,OK
SFT.ER100_2851533115200.1190011F13EB18A11009A.12.png,OK
SFT.ER100_2851645102200.1258011F13EB17K2914C2.4.png,OK
SFT.ER100_2851586912200.06433115311017K2491F1.11.png,OK
SFT.ER100_2851587504200.0674061F13EB17I210772.3.png,NOK
SFT.ER100_2851574210200.1573011F13EB16G220A15.11.png,OK
SFT.ER100_2851586912200.06433115311017K2491F1.3.png,OK
SFT.ER100_2851557817200.1030021F13EB15E180508.14.png,OK
SFT.ER100_2851533115200.1190011F13EB18A11009D.7.png,NOK
SFT.ER100_2851533115200.1190011F13EB18A1100AF.12.png,OK
SFT.ER100_2851586931200.06433115311017K249203.3.png,OK
SFT.ER100_2851594715200.1030101F13EB17L210064.7.png,OK
SFT.ER100_2851534713200.11640115311017I23A241.1.png,OK
SFT.ER100_2851642600200.1174011F1AAF17J27002E.10.png,OK
SFT.ER100_2851653303200.14950415311017I1870CE.10.png,NOK
SFT.ER100_2851605203200.1573011F13EB17K280319.6.png,OK
SFT.ER100_2851557832200.1030021F13EB17L05002E.13.png,OK
SFT.ER100_2851586906200.06433115311016F11A514.6.png,NOK
SFT.ER100_2851533115200.1190011F13EB18A1100A3.6.png,NOK
SFT.ER100_2851645102200.1258011F13EB17K2914B3.4.png,OK
SFT.ER100_2851524111200.09980215311016H238168.9.png,OK
SFT.ER100_2851547241200.039822155FB517L110841.11.png,NOK
SFT.ER100_2851609605200.15460315311017J053415.3.png,OK
SFT.ER100_2851642600200.1174011F13EB16K290D75.6.png,OK
SFT.ER100_2851574515200.157201155FB517L260025.6.png,OK
SFT.ER100_2851594715200.1030101F13EB17L210064.3.png,NOK
SFT.ER100_2851534713200.11640115311017I23A23E.6.png,OK
SFT.ER100_2851577412200.14973115311018A265193.14.png,OK
SFT.ER100_2851557825200.103002155FB517L15008E.8.png,OK
SFT.ER100_2851533415200.11900115311018B05A129.6.png,NOK
SFT.ER100_2851557832200.1030021F13EB17L050031.13.png,OK
SFT.ER100_2851533115200.1190011F13EB18A1100AF.6.png,NOK
SFT.ER100_2851642600200.1174011F1AAF17J2700B8.3.png,OK
SFT.ER100_2851557825200.103002155FB517L150088.8.png,NOK
SFT.ER100_2851642600200.1174011F1AAF17H220325.6.png,OK
SFT.ER100_2851645102200.1258011F13EB17K2914D1.10.png,OK
SFT.ER100_2851605203200.1573011F13EB17K28011B.10.png,OK
SFT.ER100_2851557840200.103002155FB517L030832.10.png,OK
SFT.ER100_2851605203200.1573011F13EB17K28031F.7.png,OK
SFT.ER100_2851533415200.11900115311018B05A126.11.png,OK
SFT.ER100_2851642600200.1174011F1AAF17J27000D.3.png,OK
SFT.ER100_2851645102200.1258011F13EB17K2914AA.9.png,NOK
SFT.ER100_2851534713200.11640115311017I23A238.4.png,NOK
SFT.ER100_2851557832200.1030021F13EB17L05001F.14.png,OK
SFT.ER100_2851605203200.1573011F13EB17K28011E.6.png,OK
SFT.ER100_2851642600200.1174011F1AAF17J270031.4.png,OK
SFT.ER100_2851605203200.1573011F13EB17K280127.12.png,OK
SFT.ER100_2851574214200.1573011F13EB17H3109D6.7.png,OK
SFT.ER100_2851645102200.1258011F13EB17K2914AD.7.png,OK
SFT.ER100_2851645102200.1258011F13EB17K2914BC.6.png,NOK
SFT.ER100_2851557825200.103002155FB517L150088.13.png,OK
SFT.ER100_2851653303200.14950415311017J194171.3.png,OK
SFT.ER100_2851557840200.103002155FB518A02001C.7.png,OK
SFT.ER100_2851547241200.039822155FB517L110829.14.png,NOK
SFT.ER100_2851605203200.1573011F13EB17K280280.9.png,OK
SFT.ER100_2851557825200.103002155FB517J13064C.8.png,OK
SFT.ER100_2851557840200.103002155FB518A02003D.7.png,NOK
SFT.ER100_2851586931200.06433115311017K249209.12.png,OK
SFT.ER100_2851642600200.1174011F1AAF17J270010.3.png,OK
SFT.ER100_2851557832200.1030021F13EB17L050034.7.png,OK
SFT.ER100_2851534708200.11640115311016H02F5E9.11.png,OK
SFT.ER100_2851605203200.1573011F13EB17K280121.9.png,OK
SFT.ER100_2851586931200.06433115311017K2491FD.12.png,OK
SFT.ER100_2851586912200.06433115311017K21310A.12.png,OK
SFT.ER100_2851645102200.1258011F13EB17K2914B6.10.png,NOK
SFT.ER100_2851533115200.1190011F13EB18A1100AC.11.png,NOK
SFT.ER100_2851645102200.1258011F13EB17K2914A1.3.png,NOK
SFT.ER100_2851547241200.039822155FB517L1103AC.8.png,NOK
SFT.ER100_2851557825200.103002155FB517L1500F4.11.png,NOK
SFT.ER100_2851534713200.11640115311017I23A24A.3.png,OK
SFT.ER100_2851586931200.06433115311017K2491FA.7.png,OK
SFT.ER100_2851605203200.1573011F13EB17K280319.12.png,OK
SFT.ER100_2851645102200.1258011F13EB17K2914CE.10.png,NOK
SFT.ER100_2851642600200.1174011F13EB17D02078A.10.png,OK
SFT.ER100_2851605203200.1573011F13EB17K280127.11.png,NOK
SFT.ER100_2851594715200.1030101F13EB17L21004C.8.png,OK
SFT.ER100_2851557840200.103002155FB518A020058.7.png,NOK
SFT.ER100_2851557832200.1030021F13EB17L050037.8.png,OK
SFT.ER100_2851653303200.14950415311017I17858B.3.png,OK
SFT.ER100_2851524111200.09980215311016H238171.3.png,OK
SFT.ER100_2851533415200.11900115311018B05A12C.7.png,OK
SFT.ER100_2851533415200.11900115311018B05A129.3.png,OK
SFT.ER100_2851533115200.1190011F13EB18A1100AC.6.png,OK
SFT.ER100_2851586906200.06433115311016F11D212.3.png,NOK
SFT.ER100_2851547241200.039822155FB517L110760.8.png,NOK
SFT.ER100_2851574515200.157201155FB517L260031.1.png,OK
SFT.ER100_2851559818200.140404155FB516G190B5F.7.png,OK
SFT.ER100_2851645102200.1258011F13EB17K2914BC.9.png,NOK
SFT.ER100_2851547241200.039822155FB517L110829.7.png,OK
SFT.ER100_2851642600200.1174011F1AAF17J27002E.7.png,OK
SFT.ER100_2851605203200.1573011F13EB17K28011B.11.png,OK
SFT.ER100_2851557825200.103002155FB517L150034.14.png,NOK
SFT.ER100_2851547241200.039822155FB517L11077B.14.png,NOK
SFT.ER100_2851557840200.103002155FB518A02000D.2.png,OK
SFT.ER100_2851645102200.1258011F13EB17K2914B9.7.png,OK
SFT.ER100_2851642600200.1174011F1AAF17J2700B8.7.png,OK
SFT.ER100_2851605203200.1573011F13EB17K280322.6.png,OK
SFT.ER100_2851557840200.103002155FB518A02003D.3.png,NOK
SFT.ER100_2851547241200.039822155FB517L110829.8.png,NOK
SFT.ER100_2851605203200.1573011F13EB17K280313.11.png,NOK
SFT.ER100_2851594715200.1030101F13EB17L21004C.12.png,OK
SFT.ER100_2851557840200.103002155FB518A020058.12.png,NOK
SFT.ER100_2851605203200.1573011F13EB17K28031C.10.png,OK
SFT.ER100_2851547241200.039822155FB517L1103AC.7.png,OK
SFT.ER100_2851586912200.06433115311017K233834.11.png,OK
SFT.ER100_2851534713200.11640115311017I23A24A.1.png,OK
SFT.ER100_2851574515200.157201155FB517L260043.5.png,OK
SFT.ER100_2851586912200.06433115311017K288214.2.png,OK
SFT.ER100_2851642600200.1174011F1AAF17J270013.4.png,OK
SFT.ER100_2851547241200.039822155FB517L11038E.7.png,OK
SFT.ER100_2851642600200.1174011F1AAF17J270019.4.png,OK
SFT.ER100_2851587504200.0674061F13EB17I21076C.2.png,NOK
SFT.ER100_2851642600200.1174011F1AAF17J27001C.6.png,OK
SFT.ER100_2851574515200.157201155FB517L260043.1.png,OK
SFT.ER100_2851586912200.06433115311017K260352.6.png,NOK
SFT.ER100_2851586912200.06433115311017K288214.11.png,NOK
SFT.ER100_2851539808200.0996011F13EB16C051972.8.png,OK
SFT.ER100_2851547241200.039822155FB517L1103AC.11.png,NOK
SFT.ER100_2851533115200.1190011F13EB18A11009A.6.png,NOK
SFT.ER100_2851533415200.11900115311018B05A120.11.png,NOK
SFT.ER100_2851557825200.103002155FB517L150097.7.png,OK
SFT.ER100_2851534713200.11640115311017I23A23B.2.png,NOK
SFT.ER100_2851605203200.1573011F13EB17K280133.7.png,OK
SFT.ER100_2851586912200.06433115311017K288214.12.png,OK
SFT.ER100_2851586912200.06433115311017K28821A.11.png,OK
SFT.ER100_2851645102200.1258011F13EB17K2914B3.10.png,OK
SFT.ER100_2851645102200.1258011F13EB17K2914CB.6.png,NOK
SFT.ER100_2851642600200.1174011F1AAF17J270019.7.png,OK
SFT.ER100_2851645102200.1258011F13EB17K2914D4.3.png,NOK
SFT.ER100_2851642600200.1174011F1AAF17J270004.7.png,OK
SFT.ER100_2851534713200.11640115311017I23A241.6.png,OK
SFT.ER100_2851628600200.1174011F1AAF17H230031.6.png,OK
SFT.ER100_2851565530200.14060215311017J1338DE.7.png,OK
SFT.ER100_2851557825200.103002155FB517J13064C.14.png,OK
SFT.ER100_2851557825200.103002155FB517L150097.11.png,OK
SFT.ER100_2851533415200.11900115311018B05A12C.2.png,NOK
SFT.ER100_2851586931200.06433115311017J132931.12.png,OK
SFT.ER100_2851642600200.1174011F1AAF17J270013.10.png,OK
SFT.ER100_2851642600200.1174011F1AAF17J27001C.9.png,OK
SFT.ER100_2851557825200.103002155FB517L150127.7.png,OK
SFT.ER100_2851586912200.06433115311017K288217.3.png,OK
SFT.ER100_2851642600200.1174011F1AAF17J270037.4.png,OK
SFT.ER100_2851534713200.11640115311017I23A24D.3.png,OK
SFT.ER100_2851653303200.14950415311017J1890F8.3.png,OK
SFT.ER100_2851577412200.14973115311018A2651A5.7.png,OK
SFT.ER100_2851557832200.1030021F13EB17L050031.10.png,OK
SFT.ER100_2851645102200.1258011F13EB17K2914D7.9.png,NOK
SFT.ER100_2851642600200.1174011F1AAF17J2700B5.3.png,OK
SFT.ER100_2851577412200.14973115311018A265217.7.png,OK
SFT.ER100_2851586912200.06433115311017K233834.12.png,OK
SFT.ER100_2851586906200.06433115311016F11A514.10.png,OK
SFT.ER100_2851586931200.06433115311017K2491F4.11.png,NOK
SFT.ER100_2851594715200.1030101F13EB17L210013.7.png,NOK
SFT.ER100_2851557825200.103002155FB517L150088.10.png,OK
SFT.ER100_2851605203200.1573011F13EB17K28012D.10.png,OK
SFT.ER100_2851605203200.1573011F13EB17K280124.6.png,OK
SFT.ER100_2851557825200.103002155FB517L15008E.10.png,OK
SFT.ER100_2851645102200.1258011F13EB17K2914BF.4.png,OK
SFT.ER100_2851645102200.1258011F13EB17K2914BF.7.png,OK
SFT.ER100_2851557825200.103002155FB517J13064C.11.png,OK
SFT.ER100_2851557825200.103002155FB517L1500F4.10.png,OK
SFT.ER100_2851589416200.1030101F13EB17H190118.9.png,NOK
SFT.ER100_2851577412200.14973115311018A265193.10.png,OK
SFT.ER100_2851586931200.06433115311017K2491FD.6.png,NOK
SFT.ER100_2851586912200.06433115311017K2491F1.2.png,OK
SFT.ER100_2851557840200.103002155FB518A02002B.6.png,OK
SFT.ER100_2851557840200.103002155FB517L030832.13.png,OK
SFT.ER100_2851557832200.1030021F13EB17L05002B.7.png,OK
SFT.ER100_2851642600200.1174011F1AAF17J2700B8.10.png,OK
SFT.ER100_2851577412200.14973115311018A26521A.11.png,OK
SFT.ER100_2851533415200.11900115311018B05A12C.6.png,OK
SFT.ER100_2851586931200.06433115311017K249200.2.png,OK
SFT.ER100_2851645102200.1258011F13EB17K2914C8.9.png,NOK
SFT.ER100_2851534713200.11640115311017I23A244.6.png,NOK
SFT.ER100_2851577412200.14973115311018A265193.7.png,OK
SFT.ER100_2851574515200.157201155FB517L260043.2.png,OK
SFT.ER100_2851565511200.1406021F13EB16G139C0B.13.png,NOK
SFT.ER100_2851533115200.1190011F13EB18A11009D.11.png,NOK
SFT.ER100_2851586912200.06433115311017K260352.7.png,OK
SFT.ER100_2851557825200.103002155FB517L1500AF.7.png,OK
SFT.ER100_2851653303200.14950415311017J188B4B.4.png,NOK
SFT.ER100_2851577412200.14973115311018A265214.7.png,OK
SFT.ER100_2851586931200.06433115311017K249200.11.png,NOK
SFT.ER100_2851533415200.11900115311018B05A126.3.png,OK
SFT.ER100_2851605203200.1573011F13EB17K280136.12.png,OK
SFT.ER100_2851574515200.157201155FB517L260043.3.png,OK
SFT.ER100_2851586931200.06433115311017K249209.2.png,NOK
SFT.ER100_2851586931200.06433115311017K2491F7.11.png,NOK
SFT.ER100_2851574515200.157201155FB517L260049.2.png,OK
SFT.ER100_2851587504200.0674061F13EB17I210772.7.png,OK
SFT.ER100_2851534713200.11640115311017I23A250.1.png,OK
SFT.ER100_2851574515200.157201155FB517L260049.1.png,OK
SFT.ER100_2851557819200.1030021F13EB17A090CAF.14.png,NOK
SFT.ER100_2851574515200.157201155FB517L260031.4.png,OK
SFT.ER100_2851642600200.1174011F1AAF17J27003A.4.png,OK
SFT.ER100_2851534713200.11640115311017I23A23E.3.png,OK
SFT.ER100_2851594715200.1030101F13EB17L21002E.8.png,NOK
SFT.ER100_2851574215200.1573011F13EB17I12086E.12.png,OK
SFT.ER100_2851586931200.06433115311017K2491F7.6.png,NOK
SFT.ER100_2851557825200.103002155FB517L150034.13.png,OK
SFT.ER100_2851533115200.1190011F13EB18A11009A.11.png,OK
SFT.ER100_2851533115200.1190011F13EB18A1100B2.3.png,OK
SFT.ER100_2851557825200.103002155FB517L150076.13.png,OK
SFT.ER100_2851557832200.1030021F13EB17L050034.10.png,OK
SFT.ER100_2851605203200.1573011F13EB17K280313.10.png,OK
SFT.ER100_2851533415200.11900115311018B05A129.12.png,OK
SFT.ER100_2851642600200.1174011F1AAF17J27002E.6.png,OK
SFT.ER100_2851574214200.1573011F13EB17I13042A.10.png,OK
SFT.ER100_2851557840200.103002155FB518A02002B.11.png,OK
SFT.ER100_2851534713200.11640115311017I23A23E.1.png,OK
SFT.ER100_2851642600200.1174011F13EB17D02078A.6.png,OK
SFT.ER100_2851645102200.1258011F13EB17K2914A7.10.png,OK
SFT.ER100_2851533415200.11900115311018B05A135.3.png,OK
SFT.ER100_2851605203200.1573011F13EB17K28012A.10.png,OK
SFT.ER100_2851645102200.1258011F13EB17K2914D4.10.png,OK
SFT.ER100_2851534713200.11640115311017I23A24A.2.png,OK
SFT.ER100_2851586931200.06433115311017K2491F7.2.png,NOK
SFT.ER100_2851565512200.14060215311016K01F14C.13.png,OK
SFT.ER100_2851565511200.1406021F13EB16G13920C.13.png,OK
SFT.ER100_2851547241200.039822155FB517L110760.7.png,OK
SFT.ER100_2851642600200.1174011F1AAF17J27000A.6.png,OK
SFT.ER100_2851605203200.1573011F13EB17K2804E4.6.png,OK
SFT.ER100_2851605203200.1573011F13EB17K2804E4.9.png,OK
SFT.ER100_2851557825200.103002155FB517L150076.7.png,OK
SFT.ER100_2851642600200.1174011F1AAF17J270010.10.png,OK
SFT.ER100_2851577412200.14973115311018A244C66.7.png,OK
SFT.ER100_2851533115200.1190011F13EB18A1100A0.7.png,OK
SFT.ER100_2851557825200.103002155FB517J13064C.13.png,OK
SFT.ER100_2851642600200.1174011F1AAF17J27001C.4.png,OK
SFT.ER100_2851534713200.11640115311017I23A24A.6.png,NOK
SFT.ER100_2851557825200.103002155FB517L1500F4.8.png,NOK
SFT.ER100_2851609605200.15460315311017J053649.3.png,OK
SFT.ER100_2851642600200.1174011F13EB16J170B65.7.png,OK
SFT.ER100_2851587504200.0674061F13EB17I210754.12.png,NOK
SFT.ER100_2851533415200.11900115311018B05A135.6.png,NOK
SFT.ER100_2851605203200.1573011F13EB17K280313.12.png,OK
SFT.ER100_2851533415200.11900115311018B05A123.7.png,OK
SFT.ER100_2851574515200.157201155FB517L26001F.5.png,OK
SFT.ER100_2851642600200.1174011F1AAF17J270004.6.png,OK
SFT.ER100_2851605203200.1573011F13EB17K280322.11.png,NOK
SFT.ER100_2851574515200.157201155FB517L260040.6.png,OK
SFT.ER100_2851645102200.1258011F13EB17K2914D7.7.png,OK
SFT.ER100_2851533415200.11900115311018B05A120.12.png,OK
SFT.ER100_2851586912200.06433115311017K213110.2.png,OK
SFT.ER100_2851642600200.1174011F1AAF17J27000A.3.png,OK
SFT.ER100_2851533415200.11900115311018B05A123.11.png,NOK
SFT.ER100_2851533415200.11900115311018B05A132.7.png,OK
SFT.ER100_2851586912200.06433115311017K288217.2.png,OK
SFT.ER100_2851586912200.06433115311017K260352.12.png,OK
SFT.ER100_2851642600200.1174011F1AAF17J270019.3.png,OK
SFT.ER100_2851586931200.06433115311017K2491F4.12.png,OK
SFT.ER100_2851534713200.11640115311017I23A247.3.png,OK
SFT.ER100_2851534713200.11640115311017I23A250.3.png,OK
SFT.ER100_2851577412200.14973115311018A265217.8.png,NOK
SFT.ER100_2851533115200.1190011F13EB18A1100A9.3.png,OK
SFT.ER100_2851557840200.103002155FB518A02000D.11.png,OK
SFT.ER100_2851642600200.1174011F1AAF17J27003A.9.png,OK
SFT.ER100_2851533115200.1190011F13EB18A11009D.12.png,OK
SFT.ER100_2851557840200.103002155FB518A02001C.3.png,OK
SFT.ER100_2851586912200.06433115311017K26034F.2.png,OK
SFT.ER100_2851586931200.06433115311017K2491F7.7.png,OK
SFT.ER100_2851557832200.1030021F13EB17L050022.10.png,OK
SFT.ER100_2851574515200.157201155FB517L260028.6.png,OK
SFT.ER100_2851605203200.1573011F13EB17K28011E.10.png,OK
SFT.ER100_2851642600200.1174011F13EB16J170B65.10.png,OK
SFT.ER100_2851642600200.1174011F1AAF17J270013.7.png,OK
SFT.ER100_2851557832200.1030021F13EB17L050028.14.png,OK
SFT.ER100_2851557832200.1030021F13EB17L05002B.13.png,OK
SFT.ER100_2851587504200.0674061F13EB17I210874.5.png,NOK
SFT.ER100_2851605203200.1573011F13EB17K2804E4.12.png,OK
SFT.ER100_2851586912200.06433115311017K26034F.6.png,NOK
SFT.ER100_2851645102200.1258011F13EB17K2914B9.6.png,NOK
SFT.ER100_2851557825200.103002155FB517L150076.14.png,NOK
SFT.ER100_2851586931200.06433115311017K2491FD.3.png,OK
SFT.ER100_2851547241200.039822155FB517L11077B.7.png,OK
SFT.ER100_2851645102200.1258011F13EB17K2914BC.7.png,OK
SFT.ER100_2851565512200.1406021F13EB16G138084.14.png,OK
SFT.ER100_2851557825200.103002155FB517L1500F4.14.png,NOK
SFT.ER100_2851644604200.099601155FB517I07075D.11.png,NOK
SFT.ER100_2851586912200.06433115311017K213110.11.png,OK
SFT.ER100_2851577412200.14973115311018A086498.11.png,NOK
SFT.ER100_2851605203200.1573011F13EB17K280130.10.png,OK
SFT.ER100_2851594715200.1030101F13EB17L210013.11.png,OK
SFT.ER100_2851645102200.1258011F13EB17K2914B3.9.png,NOK
SFT.ER100_2851642600200.1174011F1AAF17J270001.9.png,OK
SFT.ER100_2851594715200.1030101F13EB17L21003D.11.png,OK
SFT.ER100_2851642600200.1174011F1AAF17J270001.6.png,OK
SFT.ER100_2851642600200.1174011F1AAF17J2700B5.9.png,OK
SFT.ER100_2851565511200.1406021F13EB16G270A27.14.png,NOK
SFT.ER100_2851534713200.11640115311017I23A23B.3.png,OK
SFT.ER100_2851645102200.1258011F13EB17K2914BC.10.png,OK
SFT.ER100_2851642600200.1174011F1AAF17H220328.7.png,OK
SFT.ER100_2851557840200.103002155FB518A02001C.6.png,OK
SFT.ER100_2851534713200.11640115311017I23A238.2.png,OK
SFT.ER100_2851642600200.1174011F1AAF17J270001.3.png,OK
SFT.ER100_2851524312200.0998021F13EB16G09026B.9.png,NOK
SFT.ER100_2851586912200.06433115311017K21310A.6.png,NOK
SFT.ER100_2851547241200.039822155FB517L110841.10.png,OK
SFT.ER100_2851547241200.039822155FB517L110841.14.png,NOK
SFT.ER100_2851557840200.103002155FB517L030832.8.png,OK
SFT.ER100_2851533415200.11900115311018B05A120.2.png,NOK
SFT.ER100_2851587504200.0674061F13EB17I210874.12.png,NOK
SFT.ER100_2851577412200.14973115311018A26521A.13.png,OK
SFT.ER100_2851557832200.1030021F13EB17L050034.8.png,OK
SFT.ER100_2851586931200.06433115311017J132931.2.png,NOK
SFT.ER100_2851605203200.1573011F13EB17K280136.11.png,OK
SFT.ER100_2851574515200.157201155FB517L26004F.3.png,OK
SFT.ER100_2851574515200.157201155FB517L260040.2.png,OK
SFT.ER100_2851594715200.1030101F13EB17L21001F.2.png,OK
SFT.ER100_2851605203200.1573011F13EB17K28011B.9.png,OK
SFT.ER100_2851605203200.1573011F13EB17K280136.7.png,OK
SFT.ER100_2851594715200.1030101F13EB17L21005E.12.png,NOK
SFT.ER100_2851645102200.1258011F13EB17K2914AA.3.png,NOK
SFT.ER100_2851533115200.1190011F13EB18A1100A3.3.png,OK
SFT.ER100_2851557832200.1030021F13EB17L05001F.8.png,OK
SFT.ER100_2851642600200.1174011F1AAF17J270016.6.png,OK
SFT.ER100_2851594715200.1030101F13EB17L21005E.7.png,OK
SFT.ER100_2851605203200.1573011F13EB17K28012A.6.png,OK
SFT.ER100_2851577412200.14973115311018A265211.13.png,OK
SFT.ER100_2851533415200.11900115311018B05A132.2.png,NOK
SFT.ER100_2851533115200.1190011F13EB18A1100A3.11.png,NOK
SFT.ER100_2851547241200.039822155FB517L11038E.10.png,OK
SFT.ER100_2851533115200.1190011F13EB18A1100A3.12.png,OK
SFT.ER100_2851642600200.1174011F1AAF17J27003A.3.png,OK
SFT.ER100_2851642600200.1174011F1AAF17J270034.10.png,OK
SFT.ER100_2851574515200.157201155FB517L26001F.6.png,OK
SFT.ER100_2851642600200.1174011F1AAF17J270034.3.png,OK
SFT.ER100_2851653303200.14950415311017J20057A.4.png,NOK
SFT.ER100_2851577412200.14973115311018A075D60.13.png,OK
SFT.ER100_2851586931200.06433115311017K2491FD.7.png,OK
SFT.ER100_2851533415200.11900115311018B05A123.3.png,OK
SFT.ER100_2851645102200.1258011F13EB17K2914C5.9.png,NOK
SFT.ER100_2851574515200.157201155FB517L260040.4.png,OK
SFT.ER100_2851645102200.1258011F13EB17K2914AD.9.png,NOK
SFT.ER100_2851587504200.0674061F13EB17I210772.5.png,NOK
SFT.ER100_2851605203200.1573011F13EB17K28011E.9.png,OK
SFT.ER100_2851605203200.1573011F13EB17K280136.6.png,OK
SFT.ER100_2851533415200.11900115311018B05A11D.11.png,OK
SFT.ER100_2851645102200.1258011F13EB17K2914B9.10.png,OK
SFT.ER100_2851642600200.1174011F1AAF17J270031.10.png,OK
SFT.ER100_2851557832200.1030021F13EB17L050037.14.png,OK
SFT.ER100_2851644604200.0996011F13EB17I200223.8.png,OK
SFT.ER100_2851642600200.1174011F1AAF17J270034.6.png,OK
SFT.ER100_2851577412200.14973115311018A265211.8.png,NOK
SFT.ER100_2851645102200.1258011F13EB17K2914B6.7.png,OK
SFT.ER100_2851533115200.1190011F13EB18A1100B5.11.png,NOK
SFT.ER100_2851594715200.1030101F13EB17L21003D.8.png,NOK
SFT.ER100_2851574214200.1573011F13EB17H3109D6.6.png,OK
SFT.ER100_2851586931200.06433115311017K2491F4.2.png,NOK
SFT.ER100_2851594715200.1030101F13EB17L21001F.8.png,OK
SFT.ER100_2851557832200.1030021F13EB17L050037.11.png,OK
SFT.ER100_2851533115200.1190011F13EB18A11009A.3.png,OK
SFT.ER100_2851557825200.103002155FB517L150088.14.png,OK
SFT.ER100_2851645102200.1258011F13EB17K2914D1.7.png,OK
SFT.ER100_2851547241200.039822155FB517L11077B.13.png,NOK
SFT.ER100_2851594715200.1030101F13EB17L210010.7.png,OK
SFT.ER100_2851524312200.0998021F13EB16G10085C.3.png,OK
SFT.ER100_2851534708200.11640115311016H02FB11.9.png,OK
SFT.ER100_2851645102200.1258011F13EB17K2914D4.7.png,OK
SFT.ER100_2851547241200.039822155FB517L11045A.10.png,OK
SFT.ER100_2851547241200.039822155FB517L110829.11.png,NOK
SFT.ER100_2851557825200.103002155FB517L150097.8.png,NOK
SFT.ER100_2851574515200.157201155FB517L260040.3.png,OK
SFT.ER100_2851642600200.1174011F1AAF17J270019.9.png,OK
SFT.ER100_2851586931200.06433115311017J132931.3.png,OK
SFT.ER100_2851586912200.06433115311017K26034F.11.png,OK
SFT.ER100_2851594715200.1030101F13EB17L21002E.3.png,NOK
SFT.ER100_2851547241200.039822155FB517L1108B0.7.png,OK
SFT.ER100_2851557832200.1030021F13EB17L050022.13.png,OK
SFT.ER100_2851645102200.1258011F13EB17K2914CB.10.png,OK
SFT.ER100_2851586912200.06433115311017K288211.3.png,OK
SFT.ER100_2851653303200.14950415311017J188B4B.3.png,NOK
SFT.ER100_2851605203200.1573011F13EB17K280127.10.png,OK
SFT.ER100_2851587504200.0674061F13EB17I210754.5.png,NOK
SFT.ER100_2851586912200.06433115311017K260352.3.png,OK
SFT.ER100_2851565511200.1406021F13EB16G270ACC.7.png,OK
SFT.ER100_2851574515200.157201155FB517L260028.4.png,OK
SFT.ER100_2851605203200.1573011F13EB17K28011E.11.png,OK
SFT.ER100_2851557825200.103002155FB517L150127.10.png,OK
SFT.ER100_2851547241200.039822155FB517L11038E.11.png,NOK
SFT.ER100_2851586912200.06433115311017K288214.6.png,OK
SFT.ER100_2851609605200.15460315311017J053238.4.png,NOK
SFT.ER100_2851642600200.1174011F13EB17D02078A.7.png,OK
SFT.ER100_2851557840200.103002155FB518A020046.3.png,OK
SFT.ER100_2851587504200.0674061F13EB17I21087A.2.png,NOK
SFT.ER100_2851605203200.1573011F13EB17K280121.6.png,OK
SFT.ER100_2851577412200.14973115311018A26521D.10.png,OK
SFT.ER100_2851533415200.11900115311018B05A12C.11.png,OK
SFT.ER100_2851557840200.103002155FB517L0305A1.11.png,NOK
SFT.ER100_2851642600200.1174011F1AAF17J270004.3.png,OK
SFT.ER100_2851533415200.11900115311018B05A123.12.png,OK
SFT.ER100_2851605203200.1573011F13EB17K2804E4.7.png,OK
SFT.ER100_2851642600200.1174011F1AAF17J2700B8.4.png,OK
SFT.ER100_2851547241200.039822155FB517L11077B.8.png,NOK
SFT.ER100_2851586912200.06433115311017K21310A.2.png,OK
SFT.ER100_2851586912200.06433115311017K2491F1.12.png,OK
SFT.ER100_2851642600200.1174011F1AAF17J270016.4.png,OK
SFT.ER100_2851533415200.11900115311018B05A11D.7.png,OK
SFT.ER100_2851642600200.1174011F1AAF17J270010.4.png,OK
SFT.ER100_2851577412200.14973115311018A265211.11.png,NOK
SFT.ER100_2851586931200.06433115311017J132931.7.png,OK
SFT.ER100_2851645102200.1258011F13EB17K2914BF.9.png,OK
SFT.ER100_2851586906200.0643311F13EB16F0607B7.6.png,NOK
SFT.ER100_2851645102200.1258011F13EB17K2914B6.9.png,NOK
SFT.ER100_2851557840200.103002155FB518A02005B.11.png,OK
SFT.ER100_2851547241200.039822155FB517L1108B0.8.png,NOK
SFT.ER100_2851605203200.1573011F13EB17K280313.6.png,OK
SFT.ER100_2851605203200.1573011F13EB17K280136.9.png,OK
SFT.ER100_2851557832200.1030021F13EB17L05002B.11.png,OK
SFT.ER100_2851642600200.1174011F1AAF17J27003A.7.png,OK
SFT.ER100_2851594715200.1030101F13EB17L210037.7.png,OK
SFT.ER100_2851577412200.14973115311018A265214.8.png,NOK
SFT.ER100_2851642600200.1174011F13EB17D02078A.3.png,OK
SFT.ER100_2851642600200.1174011F1AAF17J2700B5.10.png,OK
SFT.ER100_2851605203200.1573011F13EB17K28031F.6.png,OK
SFT.ER100_2851547241200.039822155FB517L11038E.14.png,NOK
SFT.ER100_2851534713200.11640115311017I23A24D.5.png,OK
SFT.ER100_2851565512200.1406021F13EB16G138084.13.png,OK
SFT.ER100_2851539808200.099601155FB516H070709.7.png,OK
SFT.ER100_2851574515200.157201155FB517L260025.3.png,OK
SFT.ER100_2851605203200.1573011F13EB17K28012D.6.png,OK
SFT.ER100_2851605203200.1573011F13EB17K280316.11.png,OK
SFT.ER100_2851557825200.103002155FB517L1500AF.13.png,OK
SFT.ER100_2851605203200.1573011F13EB17K28011E.12.png,OK
SFT.ER100_2851594715200.1030101F13EB17L21005E.3.png,OK
SFT.ER100_2851645100200.1258011F13EB16G260E0B.3.png,NOK
SFT.ER100_2851605203200.1573011F13EB17K2804E7.10.png,OK
SFT.ER100_2851557832200.1030021F13EB17L050031.7.png,OK
SFT.ER100_2851586912200.06433115311017K26034F.7.png,OK
SFT.ER100_2851594715200.1030101F13EB17L210010.3.png,NOK
SFT.ER100_2851534713200.11640115311017I23A238.5.png,OK
SFT.ER100_2851642600200.1174011F1AAF17J2700B5.7.png,OK
SFT.ER100_2851557825200.103002155FB517J13064C.10.png,OK
SFT.ER100_2851586906200.06433115311016F15C936.4.png,OK
SFT.ER100_2851605203200.1573011F13EB17K28031C.12.png,OK
SFT.ER100_2851547241200.039822155FB517L110841.13.png,OK
SFT.ER100_2851557832200.1030021F13EB17L050028.11.png,OK
SFT.ER100_2851557840200.103002155FB518A02001C.12.png,NOK
SFT.ER100_2851642600200.1174011F1AAF17J270004.9.png,OK
SFT.ER100_2851534713200.11640115311017I23A23B.4.png,OK
SFT.ER100_2851547241200.039822155FB517L1108B0.11.png,NOK
SFT.ER100_2851645102200.1258011F13EB17K2914A1.7.png,OK
SFT.ER100_2851586912200.06433115311017K260352.2.png,OK
SFT.ER100_2851574515200.157201155FB517L260025.4.png,OK
SFT.ER100_2851642600200.1174011F13EB16K290D75.7.png,OK
SFT.ER100_2851645102200.1258011F13EB17K2914CB.9.png,NOK
SFT.ER100_2851534708200.11640115311016H07603C.6.png,OK
SFT.ER100_2851533415200.11900115311018B05A120.3.png,OK
SFT.ER100_2851642600200.1174011F1AAF17J2700B8.6.png,OK
SFT.ER100_2851587504200.0674061F13EB17I21074E.5.png,NOK
SFT.ER100_2851557840200.103002155FB517L0305A1.7.png,OK
SFT.ER100_2851574515200.157201155FB517L260028.3.png,OK
SFT.ER100_2851645102200.1258011F13EB17K2914B0.9.png,NOK
SFT.ER100_2851587504200.0674061F13EB17I210754.2.png,NOK
SFT.ER100_2851645102200.1258011F13EB17K2914B0.6.png,NOK
SFT.ER100_2851586931200.06433115311017J132931.11.png,NOK
SFT.ER100_2851557840200.103002155FB518A020046.11.png,OK
SFT.ER100_2851586912200.06433115311017K213110.12.png,OK
SFT.ER100_2851557840200.103002155FB518A020058.2.png,OK
SFT.ER100_2851557825200.103002155FB517L150088.7.png,OK
SFT.ER100_2851533415200.11900115311018B05A132.12.png,OK
SFT.ER100_2851539808200.0996011F13EB16I010067.14.png,OK
SFT.ER100_2851642600200.1174011F1AAF17J27000A.9.png,OK
SFT.ER100_2851574515200.157201155FB517L260049.3.png,OK
SFT.ER100_2851645102200.1258011F13EB17K2914C2.6.png,NOK
SFT.ER100_2851557840200.103002155FB518A02002B.3.png,OK
SFT.ER100_2851574214200.1573011F13EB17I13042A.9.png,OK
SFT.ER100_2851605203200.1573011F13EB17K280316.6.png,OK
SFT.ER100_2851645102200.1258011F13EB17K2914A7.9.png,NOK
SFT.ER100_2851586912200.06433115311017K21310A.11.png,NOK
SFT.ER100_2851645102200.1258011F13EB17K2914B6.6.png,NOK
SFT.ER100_2851586912200.06433115311017K21310A.7.png,OK
SFT.ER100_2851557825200.103002155FB517L150076.11.png,NOK
SFT.ER100_2851574515200.157201155FB517L260022.2.png,OK
SFT.ER100_2851577412200.14973115311018A265214.14.png,NOK
SFT.ER100_2851605203200.1573011F13EB17K280136.10.png,OK
SFT.ER100_2851577412200.14973115311018A26521A.14.png,OK
SFT.ER100_2851594715200.1030101F13EB17L210010.2.png,OK
SFT.ER100_2851594715200.1030101F13EB17L21001F.3.png,OK
SFT.ER100_2851557832200.1030021F13EB17L050028.8.png,OK
SFT.ER100_2851574515200.157201155FB517L260049.5.png,OK
SFT.ER100_2851534713200.11640115311017I23A247.5.png,OK
SFT.ER100_2851645102200.1258011F13EB17K2914CE.3.png,NOK
SFT.ER100_2851557825200.103002155FB517L150034.8.png,NOK
SFT.ER100_2851645102200.1258011F13EB17K2914BC.4.png,OK
SFT.ER100_2851586912200.06433115311017K288211.11.png,OK
SFT.ER100_2851586912200.06433115311017K288217.12.png,OK
SFT.ER100_2851534713200.11640115311017I23A250.5.png,OK
SFT.ER100_2851645102200.1258011F13EB17K2914B9.3.png,OK
SFT.ER100_2851533115200.1190011F13EB18A1100B2.12.png,OK
SFT.ER100_2851642600200.1174011F1AAF17J2700BB.10.png,OK
SFT.ER100_2851534713200.11640115311017I23A244.1.png,OK
SFT.ER100_2851533115200.1190011F13EB18A1100A6.12.png,OK
SFT.ER100_2851645102200.1258011F13EB17K2914B6.3.png,NOK
SFT.ER100_2851577412200.14973115311018A075D60.14.png,OK
SFT.ER100_2851594715200.1030101F13EB17L210064.2.png,OK
SFT.ER100_2851645102200.1258011F13EB17K2914D1.4.png,OK
SFT.ER100_2851609605200.15460315311017J053238.3.png,OK
SFT.ER100_2851574515200.157201155FB517L260040.1.png,OK
SFT.ER100_2851586931200.06433115311017K249206.2.png,NOK
SFT.ER100_2851586906200.06433115311016F16E01F.7.png,OK
SFT.ER100_2851557832200.1030021F13EB17L05002E.11.png,OK
SFT.ER100_2851565511200.14060215311016H20B542.13.png,OK
SFT.ER100_2851557825200.103002155FB517L150088.11.png,NOK
SFT.ER100_2851645102200.1258011F13EB17K2914D4.4.png,OK
SFT.ER100_2851586931200.06433115311017K249203.12.png,OK
SFT.ER100_2851534713200.11640115311017I23A23B.6.png,NOK
SFT.ER100_2851642600200.1174011F1AAF17J270019.6.png,OK
SFT.ER100_2851605203200.1573011F13EB17K2804E1.6.png,OK
SFT.ER100_2851557832200.1030021F13EB17L050034.14.png,OK
SFT.ER100_2851594715200.1030101F13EB17L21005E.2.png,OK
SFT.ER100_2851605203200.1573011F13EB17K28011B.12.png,OK
SFT.ER100_2851586912200.06433115311017K288217.11.png,OK
SFT.ER100_2851605203200.1573011F13EB17K280130.12.png,OK
SFT.ER100_2851557840200.103002155FB518A02004F.7.png,OK
SFT.ER100_2851524312200.0998021F13EB16G09051D.6.png,NOK
SFT.ER100_2851645102200.1258011F13EB17K2914D7.4.png,OK
SFT.ER100_2851586906200.06433115311016C315CF9.6.png,OK
SFT.ER100_2851539808200.0996011F13EB16G13055C.10.png,OK
SFT.ER100_2851642600200.1174011F1AAF17J270037.9.png,OK
SFT.ER100_2851577412200.14973115311018A086498.14.png,NOK
SFT.ER100_2851594715200.1030101F13EB17L21005E.11.png,OK
SFT.ER100_2851642600200.1174011F1AAF17J2700B8.9.png,OK
SFT.ER100_2851642600200.1174011F1AAF17J270010.7.png,OK
SFT.ER100_2851587504200.0674061F13EB17I21074E.7.png,NOK
SFT.ER100_2851557825200.103002155FB517L150127.13.png,NOK
SFT.ER100_2851574515200.157201155FB517L260022.4.png,OK
SFT.ER100_2851574515200.157201155FB517L26001F.3.png,OK
SFT.ER100_2851574515200.157201155FB517L26001F.2.png,OK
SFT.ER100_2851557832200.1030021F13EB17L050031.14.png,OK
SFT.ER100_2851557832200.1030021F13EB17L050025.7.png,OK
SFT.ER100_2851577412200.14973115311018A075D60.7.png,OK
SFT.ER100_2851557840200.103002155FB518A020058.3.png,NOK
SFT.ER100_2851574515200.157201155FB517L26004F.1.png,OK
SFT.ER100_2851642600200.1174011F1AAF17J270004.10.png,OK
SFT.ER100_2851557840200.103002155FB518A02004F.2.png,OK
SFT.ER100_2851534713200.11640115311017I23A24D.2.png,OK
SFT.ER100_2851645102200.1258011F13EB17K2914B9.4.png,OK
SFT.ER100_2851557832200.1030021F13EB17L050025.13.png,OK
SFT.ER100_2851577412200.14973115311018A2651A5.11.png,OK
SFT.ER100_2851605203200.1573011F13EB17K280316.12.png,OK
SFT.ER100_2851557825200.103002155FB517L150034.7.png,NOK
SFT.ER100_2851577412200.14973115311018A244C66.14.png,NOK
SFT.ER100_2851605203200.1573011F13EB17K28012D.12.png,OK
SFT.ER100_2851645102200.1258011F13EB17K2914CE.7.png,OK
SFT.ER100_2851557832200.1030021F13EB17L050025.8.png,OK
SFT.ER100_2851547241200.039822155FB517L11045A.11.png,NOK
SFT.ER100_2851547241200.039822155FB517L11038E.8.png,NOK
SFT.ER100_2851577412200.14973115311018A2651A5.8.png,NOK
SFT.ER100_2851547241200.039822155FB517L110760.13.png,OK
SFT.ER100_2851645102200.1258011F13EB17K2914B0.7.png,OK
SFT.ER100_2851547241200.039822155FB517L1107ED.8.png,NOK
SFT.ER100_2851577412200.14973115311018A265214.10.png,OK
SFT.ER100_2851586931200.06433115311017K2491FA.12.png,OK
SFT.ER100_2851557840200.103002155FB518A02002B.7.png,OK
SFT.ER100_2851557832200.1030021F13EB17L050034.13.png,OK
SFT.ER100_2851645102200.1258011F13EB17K2914D4.6.png,NOK
SFT.ER100_2851642600200.1174011F13EB17D02078A.4.png,OK
SFT.ER100_2851594715200.1030101F13EB17L21001F.7.png,OK
SFT.ER100_2851645102200.1258011F13EB17K2914D7.6.png,NOK
SFT.ER100_2851642600200.1174011F13EB16K290D75.3.png,OK
SFT.ER100_2851547241200.039822155FB517L110760.14.png,NOK
SFT.ER100_2851557832200.1030021F13EB17L05002E.8.png,OK
SFT.ER100_2851577412200.14973115311018A075D60.8.png,OK
SFT.ER100_2851574515200.157201155FB517L260022.3.png,OK
SFT.ER100_2851645102200.1258011F13EB17K2914C8.10.png,OK
SFT.ER100_2851557840200.103002155FB518A02002B.12.png,OK
SFT.ER100_2851594715200.1030101F13EB17L210010.8.png,OK
SFT.ER100_2851527120200.1190021F13EB16H2585C4.8.png,OK
SFT.ER100_2851557832200.1030021F13EB17L050025.11.png,OK
SFT.ER100_2851605203200.1573011F13EB17K2804E1.10.png,OK
SFT.ER100_2851557840200.103002155FB518A020046.2.png,OK
SFT.ER100_2851534713200.11640115311017I23A250.4.png,OK
SFT.ER100_2851586931200.06433115311017K2491FD.2.png,OK
SFT.ER100_2851586912200.06433115311017K288214.3.png,OK
SFT.ER100_2851642600200.1174011F1AAF17J270016.9.png,OK
SFT.ER100_2851586931200.06433115311017K249200.7.png,OK
SFT.ER100_2851586912200.06433115311017K26034F.3.png,OK
SFT.ER100_2851642600200.1174011F1AAF17H220331.3.png,OK
SFT.ER100_2851594715200.1030101F13EB17L21003D.7.png,OK
SFT.ER100_2851586912200.06433115311017K288211.2.png,OK
SFT.ER100_2851642600200.1174011F1AAF17J27002E.9.png,OK
SFT.ER100_2851574214200.1573011F13EB17I1306BE.11.png,NOK
SFT.ER100_2851605203200.1573011F13EB17K280133.11.png,OK
SFT.ER100_2851574515200.157201155FB517L26004F.5.png,OK
SFT.ER100_2851586931200.06433115311017K249203.6.png,NOK
SFT.ER100_2851557840200.103002155FB518A02000D.12.png,OK
SFT.ER100_2851574515200.157201155FB517L26001F.1.png,OK
SFT.ER100_2851645102200.1258011F13EB17K2914BC.3.png,NOK
SFT.ER100_2851586931200.06433115311017K249206.3.png,OK
SFT.ER100_2851586912200.06433115311017K233834.7.png,OK
SFT.ER100_2851557840200.103002155FB517L0305A1.10.png,OK
SFT.ER100_2851557832200.1030021F13EB17L05001F.10.png,OK
SFT.ER100_2851594715200.1030101F13EB17L210064.11.png,OK
SFT.ER100_2851645102200.1258011F13EB17K2914A4.3.png,NOK
SFT.ER100_2851557832200.1030021F13EB17L05002B.8.png,OK
SFT.ER100_2851642600200.1174011F1AAF17J270016.7.png,OK
SFT.ER100_2851557840200.103002155FB517L030832.11.png,NOK
SFT.ER100_2851594715200.1030101F13EB17L210013.12.png,NOK
SFT.ER100_2851534713200.11640115311017I23A247.2.png,OK
SFT.ER100_2851642600200.1174011F1AAF17J270001.7.png,OK
SFT.ER100_2851645102200.1258011F13EB17K2914AA.6.png,NOK
SFT.ER100_2851534713200.11640115311017I23A250.2.png,NOK
SFT.ER100_2851645102200.1258011F13EB17K2914C8.3.png,NOK
SFT.ER100_2851533115200.1190011F13EB18A1100A6.11.png,NOK
SFT.ER100_2851587504200.0674061F13EB17I210124.5.png,NOK
SFT.ER100_2851557832200.1030021F13EB17L050025.14.png,OK
SFT.ER100_2851645102200.1258011F13EB17K2914D7.10.png,OK
SFT.ER100_2851653303200.14950415311017J301EFC.4.png,OK
SFT.ER100_2851533415200.11900115311018B05A129.7.png,OK
SFT.ER100_2851642600200.1174011F13EB16K290D75.10.png,OK
SFT.ER100_2851645102200.1258011F13EB17K2914C8.6.png,NOK
SFT.ER100_2851605203200.1573011F13EB17K280316.7.png,OK
SFT.ER100_2851577412200.14973115311018A075D60.11.png,OK
SFT.ER100_2851574214200.1573011F13EB17I1306BE.12.png,OK
SFT.ER100_2851557832200.1030021F13EB17L050037.7.png,OK
SFT.ER100_2851645102200.1258011F13EB17K2914A4.10.png,OK
SFT.ER100_2851642600200.1174011F13EB16K290D75.9.png,OK
SFT.ER100_2851645102200.1258011F13EB17K2914C8.7.png,NOK
SFT.ER100_2851642600200.1174011F1AAF17J270010.6.png,OK
SFT.ER100_2851577412200.14973115311018A244C66.10.png,OK
SFT.ER100_2851605203200.1573011F13EB17K280130.6.png,OK
SFT.ER100_2851557825200.103002155FB517L150097.13.png,OK
SFT.ER100_2851605203200.1573011F13EB17K2804E4.10.png,OK
SFT.ER100_2851605203200.1573011F13EB17K280133.6.png,OK
SFT.ER100_2851533115200.1190011F13EB18A1100A0.11.png,NOK
SFT.ER100_2851533415200.11900115311018B05A12C.12.png,OK
SFT.ER100_2851534708200.11640115311016H02F5E9.12.png,OK
SFT.ER100_2851547241200.039822155FB517L11038E.13.png,OK
SFT.ER100_2851577412200.14973115311018A265211.7.png,OK
SFT.ER100_2851642600200.1174011F1AAF17J270001.4.png,OK
SFT.ER100_2851642600200.1174011F1AAF17J270037.7.png,OK
SFT.ER100_2851605203200.1573011F13EB17K280133.12.png,OK
SFT.ER100_2851557832200.1030021F13EB17L05001F.13.png,OK
SFT.ER100_2851547241200.039822155FB517L1107ED.11.png,NOK
SFT.ER100_2851533415200.11900115311018B05A12F.2.png,OK
SFT.ER100_2851645102200.1258011F13EB17K2914A1.10.png,OK
SFT.ER100_2851533115200.1190011F13EB18A1100B2.11.png,NOK
SFT.ER100_2851577412200.14973115311018A2651A5.14.png,NOK
SFT.ER100_2851642600200.1174011F1AAF17J270019.10.png,OK
SFT.ER100_2851533415200.11900115311018B05A138.11.png,NOK
SFT.ER100_2851594715200.1030101F13EB17L210067.11.png,OK
SFT.ER100_2851557825200.103002155FB517L1500AF.11.png,NOK
SFT.ER100_2851574515200.157201155FB517L260031.6.png,OK
SFT.ER100_2851594715200.1030101F13EB17L21004C.2.png,OK
SFT.ER100_2851653303200.14950415311017J1890F8.4.png,NOK
SFT.ER100_2851645102200.1258011F13EB17K2914CB.3.png,NOK
SFT.ER100_2851586931200.06433115311017K2491F4.3.png,OK
SFT.ER100_2851586906200.06433115311016F16E634.7.png,NOK
SFT.ER100_2851577412200.14973115311018A265217.13.png,OK
SFT.ER100_2851557832200.1030021F13EB17L050022.11.png,OK
SFT.ER100_2851557825200.103002155FB517J13064C.7.png,OK
SFT.ER100_2851642600200.1174011F1AAF17J270001.10.png,OK
SFT.ER100_2851645102200.1258011F13EB17K2914BF.6.png,NOK
SFT.ER100_2851586931200.06433115311017K2491FA.11.png,NOK
SFT.ER100_2851605203200.1573011F13EB17K280322.9.png,OK
SFT.ER100_2851547241200.039822155FB517L11045A.7.png,OK
SFT.ER100_2851533415200.11900115311018B05A123.2.png,OK
SFT.ER100_2851533115200.1190011F13EB18A1100A9.11.png,NOK
SFT.ER100_2851533115200.1190011F13EB18A1100A3.7.png,OK
SFT.ER100_2851586931200.06433115311017K2491FA.6.png,OK
SFT.ER100_2851586931200.06433115311017K249206.6.png,OK
SFT.ER100_2851547241200.039822155FB517L11045A.8.png,NOK
SFT.ER100_2851577412200.14973115311018A075D60.10.png,OK
SFT.ER100_2851587504200.0674061F13EB17I210754.11.png,NOK
SFT.ER100_2851645102200.1258011F13EB17K2914D1.3.png,NOK
SFT.ER100_2851645102200.1258011F13EB17K2914B0.3.png,NOK
SFT.ER100_2851524112200.0998021F13EB16H241144.9.png,OK
SFT.ER100_2851645102200.1258011F13EB17K2914A7.6.png,NOK
SFT.ER100_2851557825200.103002155FB517L1500AF.8.png,OK
SFT.ER100_2851605203200.1573011F13EB17K280121.11.png,OK
SFT.ER100_2851547241200.039822155FB517L11045A.13.png,OK
SFT.ER100_2851586931200.06433115311017K249200.6.png,OK
SFT.ER100_2851605203200.1573011F13EB17K280316.10.png,OK
SFT.ER100_2851557825200.103002155FB517L1500AF.14.png,NOK
SFT.ER100_2851642600200.1174011F1AAF17J270034.9.png,OK
SFT.ER100_2851642600200.1174011F1AAF17J270034.7.png,OK
SFT.ER100_2851574515200.157201155FB517L260025.5.png,OK
SFT.ER100_2851557832200.1030021F13EB17L05003A.10.png,OK
SFT.ER100_2851533115200.1190011F13EB18A11009A.7.png,OK
SFT.ER100_2851557840200.103002155FB518A02001C.2.png,OK
SFT.ER100_2851605203200.1573011F13EB17K280319.9.png,OK
SFT.ER100_2851557825200.103002155FB517L1500AF.10.png,OK
SFT.ER100_2851645102200.1258011F13EB17K2914C5.10.png,OK
SFT.ER100_2851586931200.06433115311017K2491FA.2.png,NOK
SFT.ER100_2851557840200.103002155FB518A02000D.7.png,OK
SFT.ER100_2851586931200.06433115311017J132931.6.png,OK
SFT.ER100_2851605203200.1573011F13EB17K280322.12.png,OK
SFT.ER100_2851557832200.1030021F13EB17L050028.13.png,OK
SFT.ER100_2851574515200.157201155FB517L260055.1.png,OK
SFT.ER100_2851557840200.103002155FB517L0305A1.8.png,NOK
SFT.ER100_2851557832200.1030021F13EB17L05002E.7.png,OK
SFT.ER100_2851533115200.1190011F13EB18A1100A9.7.png,NOK
SFT.ER100_2851605203200.1573011F13EB17K280127.6.png,OK
SFT.ER100_2851645102200.1258011F13EB17K2914CE.9.png,NOK
SFT.ER100_2851557825200.103002155FB517L150076.8.png,NOK
SFT.ER100_2851605203200.1573011F13EB17K280124.10.png,OK
SFT.ER100_2851557840200.103002155FB517L0305A1.13.png,OK
SFT.ER100_2851557832200.1030021F13EB17L05002B.10.png,OK
SFT.ER100_2851586931200.06433115311017K249206.7.png,OK
SFT.ER100_2851574515200.157201155FB517L260022.6.png,OK
SFT.ER100_2851645102200.1258011F13EB17K2914A4.7.png,OK
SFT.ER100_2851645102200.1258011F13EB17K2914A4.4.png,OK
SFT.ER100_2851577412200.14973115311018A26521A.10.png,OK
SFT.ER100_2851574515200.157201155FB517L260022.1.png,OK
SFT.ER100_2851547241200.039822155FB517L1108B0.14.png,NOK
SFT.ER100_2851577412200.14973115311018A086498.13.png,OK
SFT.ER100_2851557832200.1030021F13EB17L050031.8.png,OK
SFT.ER100_2851533415200.11900115311018B05A135.2.png,NOK
SFT.ER100_2851645102200.1258011F13EB17K2914BF.10.png,OK
SFT.ER100_2851533115200.1190011F13EB18A1100A6.7.png,OK
SFT.ER100_2851594715200.1030101F13EB17L21001F.12.png,OK
SFT.ER100_2851574515200.157201155FB517L260031.2.png,OK
SFT.ER100_2851533415200.11900115311018B05A123.6.png,OK
SFT.ER100_2851645102200.1258011F13EB17K2914C5.6.png,NOK
SFT.ER100_2851533415200.11900115311018B05A132.11.png,OK
SFT.ER100_2851586912200.06433115311017K288214.7.png,OK
SFT.ER100_2851547241200.039822155FB517L110829.13.png,OK
SFT.ER100_2851533415200.11900115311018B05A129.2.png,NOK
SFT.ER100_2851534712200.1164011F13EB16G2906B8.12.png,OK
SFT.ER100_2851594715200.1030101F13EB17L210013.3.png,NOK
SFT.ER100_2851547241200.039822155FB517L11077B.11.png,NOK
SFT.ER100_2851574214200.1573011F13EB17I110D3C.7.png,OK
SFT.ER100_2851574515200.157201155FB517L26001F.4.png,OK
SFT.ER100_2851645102200.1258011F13EB17K2914D4.9.png,NOK
SFT.ER100_2851557840200.103002155FB518A02003D.2.png,OK
SFT.ER100_2851577412200.14973115311018A265217.10.png,OK
SFT.ER100_2851533415200.11900115311018B05A11D.6.png,NOK
SFT.ER100_2851642600200.1174011F1AAF17J270031.6.png,OK
SFT.ER100_2851645102200.1258011F13EB17K2914C5.3.png,NOK
SFT.ER100_2851586912200.06433115311017K288217.7.png,OK
SFT.ER100_2851533415200.11900115311018B05A120.7.png,OK
SFT.ER100_2851547241200.039822155FB517L110829.10.png,OK
SFT.ER100_2851557825200.103002155FB517L150034.10.png,OK
SFT.ER100_2851557825200.103002155FB517L150127.8.png,NOK
SFT.ER100_2851533115200.1190011F13EB18A1100B2.7.png,OK
SFT.ER100_2851577412200.14973115311018A26521A.7.png,OK
SFT.ER100_2851605203200.1573011F13EB17K280319.10.png,OK
SFT.ER100_2851557840200.103002155FB518A020058.6.png,OK
SFT.ER100_2851605203200.1573011F13EB17K28031C.9.png,OK
SFT.ER100_2851645102200.1258011F13EB17K2914A1.9.png,NOK
SFT.ER100_2851533415200.11900115311018B05A132.3.png,OK
SFT.ER100_2851557832200.1030021F13EB17L050022.7.png,OK
SFT.ER100_2851574515200.157201155FB517L260028.2.png,OK
SFT.ER100_2851605203200.1573011F13EB17K28011B.6.png,OK
SFT.ER100_2851533415200.11900115311018B05A12F.6.png,OK
SFT.ER100_2851533415200.11900115311018B05A126.12.png,OK
SFT.ER100_2851586912200.06433115311017K233834.3.png,OK
SFT.ER100_2851605203200.1573011F13EB17K280280.6.png,OK
SFT.ER100_2851642600200.1174011F13EB16K290D75.4.png,OK
SFT.ER100_2851645102200.1258011F13EB17K2914A1.6.png,NOK
SFT.ER100_2851645102200.1258011F13EB17K2914C5.4.png,OK
SFT.ER100_2851645102200.1258011F13EB17K2914C2.7.png,OK
SFT.ER100_2851577412200.14973115311018A244C66.13.png,OK
SFT.ER100_2851605203200.1573011F13EB17K280124.12.png,OK
SFT.ER100_2851533115200.1190011F13EB18A1100A6.3.png,OK
SFT.ER100_2851557825200.103002155FB517L150097.14.png,NOK
SFT.ER100_2851605203200.1573011F13EB17K28012D.9.png,OK
SFT.ER100_2851533115200.1190011F13EB18A1100A0.3.png,OK
SFT.ER100_2851642600200.1174011F1AAF17J27000A.10.png,OK
SFT.ER100_2851534713200.11640115311017I23A238.3.png,OK
SFT.ER100_2851653303200.14950415311017J194162.4.png,NOK
SFT.ER100_2851586912200.06433115311017K213110.3.png,OK
SFT.ER100_2851533115200.1190011F13EB18A11009D.2.png,NOK
SFT.ER100_2851533115200.1190011F13EB18A1100A0.12.png,OK
SFT.ER100_2851533415200.11900115311018B05A135.7.png,OK
SFT.ER100_2851547241200.039822155FB517L1108B0.13.png,OK
SFT.ER100_2851605203200.1573011F13EB17K280124.9.png,OK
SFT.ER100_2851586931200.06433115311017K2491F7.12.png,OK
SFT.ER100_2851533115200.1190011F13EB18A1100AC.3.png,OK
SFT.ER100_2851557818200.1030021F13EB16F200E5F.8.png,OK
SFT.ER100_2851586931200.06433115311017K249203.11.png,NOK
SFT.ER100_2851605203200.1573011F13EB17K280319.11.png,OK
SFT.ER100_2851574515200.157201155FB517L260043.6.png,OK
SFT.ER100_2851594715200.1030101F13EB17L210013.8.png,NOK
SFT.ER100_2851645102200.1258011F13EB17K2914A4.9.png,NOK
SFT.ER100_2851587504200.0674061F13EB17I210874.11.png,NOK
SFT.ER100_2851605203200.1573011F13EB17K280280.7.png,OK
SFT.ER100_2851642600200.1174011F13EB16J170B65.9.png,OK
SFT.ER100_2851642600200.1174011F1AAF17H220328.6.png,OK
SFT.ER100_2851642600200.1174011F1AAF17J27000A.4.png,OK
SFT.ER100_2851605203200.1573011F13EB17K280313.7.png,OK
SFT.ER100_2851565511200.14060215311016H20B542.14.png,OK
SFT.ER100_2851642600200.1174011F1AAF17J27003A.6.png,OK
SFT.ER100_2851605203200.1573011F13EB17K28031F.11.png,NOK
SFT.ER100_2851645102200.1258011F13EB17K2914B0.10.png,OK
SFT.ER100_2851524111200.09980215311016H238171.9.png,OK
SFT.ER100_2851534713200.11640115311017I23A253.1.png,OK
SFT.ER100_2851557840200.103002155FB517L030832.14.png,OK
SFT.ER100_2851534713200.11640115311017I23A24A.5.png,OK
SFT.ER100_2851557840200.103002155FB518A020046.12.png,OK
SFT.ER100_2851547241200.039822155FB517L1107ED.10.png,OK
SFT.ER100_2851586912200.06433115311017K213110.6.png,OK
SFT.ER100_2851534713200.11640115311017I23A247.6.png,OK
SFT.ER100_2851594715200.1030101F13EB17L21002E.12.png,OK
SFT.ER100_2851586931200.06433115311017K249200.3.png,OK
SFT.ER100_2851586931200.06433115311017K2491F4.7.png,OK
SFT.ER100_2851534713200.11640115311017I23A23E.5.png,OK
SFT.ER100_2851645102200.1258011F13EB17K2914CB.7.png,OK
SFT.ER100_2851645102200.1258011F13EB17K2914A4.6.png,NOK
SFT.ER100_2851533115200.1190011F13EB18A1100B2.6.png,NOK
SFT.ER100_2851642600200.1174011F1AAF17J27000D.7.png,OK
SFT.ER100_2851574515200.157201155FB517L260025.1.png,OK
SFT.ER100_2851642600200.1174011F1AAF17J270013.6.png,OK
SFT.ER100_2851547241200.039822155FB517L1107ED.7.png,NOK
SFT.ER100_2851533415200.11900115311018B05A11D.2.png,NOK
SFT.ER100_2851574515200.157201155FB517L26004F.6.png,OK
SFT.ER100_2851605203200.1573011F13EB17K28012D.7.png,OK
SFT.ER100_2851642600200.1174011F1AAF17J27000D.4.png,OK
SFT.ER100_2851642600200.1174011F13EB16J170B65.4.png,OK
SFT.ER100_2851534713200.11640115311017I23A23E.2.png,NOK
SFT.ER100_2851577412200.14973115311018A086498.10.png,OK
SFT.ER100_2851642600200.1174011F1AAF17J27001C.10.png,OK
SFT.ER100_2851533415200.11900115311018B05A12F.7.png,OK
SFT.ER100_2851586912200.06433115311017K21310A.3.png,OK
SFT.ER100_2851557840200.103002155FB517L030832.7.png,OK
SFT.ER100_2851533115200.1190011F13EB18A1100AF.7.png,OK
SFT.ER100_2851534713200.11640115311017I23A247.1.png,OK
SFT.ER100_2851605203200.1573011F13EB17K280322.7.png,OK
SFT.ER100_2851557840200.103002155FB518A02003D.11.png,OK
SFT.ER100_2851574214200.1573011F13EB17I120BB9.12.png,OK
SFT.ER100_2851586912200.06433115311017K2491F1.7.png,OK
SFT.ER100_2851587504200.0674061F13EB17I21087A.12.png,OK
SFT.ER100_2851534713200.11640115311017I23A247.4.png,OK
SFT.ER100_2851645102200.1258011F13EB17K2914B3.6.png,NOK
SFT.ER100_2851642600200.1174011F1AAF17J270034.4.png,OK
SFT.ER100_2851586912200.06433115311017K213110.7.png,OK
SFT.ER100_2851557832200.1030021F13EB17L05001F.11.png,NOK
SFT.ER100_2851645102200.1258011F13EB17K2914A7.3.png,NOK
SFT.ER100_2851605203200.1573011F13EB17K280319.7.png,OK
SFT.ER100_2851645102200.1258011F13EB17K2914B9.9.png,NOK
SFT.ER100_2851605203200.1573011F13EB17K2804E1.7.png,OK
SFT.ER100_2851594715200.1030101F13EB17L210010.11.png,OK
SFT.ER100_2851557840200.103002155FB518A02002B.2.png,OK
SFT.ER100_2851605203200.1573011F13EB17K280280.12.png,OK
SFT.ER100_2851534713200.11640115311017I23A24A.4.png,OK
SFT.ER100_2851594715200.1030101F13EB17L21004C.11.png,OK
SFT.ER100_2851557825200.103002155FB517L1500F4.7.png,OK
SFT.ER100_2851574515200.157201155FB517L260031.3.png,OK
SFT.ER100_2851561935200.1495041F13EB16F0502AD.6.png,OK
SFT.ER100_2851557825200.103002155FB517L15008E.14.png,NOK
SFT.ER100_2851557825200.103002155FB517L1500F4.13.png,NOK
SFT.ER100_2851557825200.103002155FB517L150136.10.png,OK
SFT.ER100_2851524312200.09980215311016G219087.9.png,OK
SFT.ER100_2851539609200.0996011F13EB16J240D6F.13.png,OK
SFT.ER100_2851605203200.1573011F13EB17K280280.11.png,OK
SFT.ER100_2851644604200.0996011F13EB17I25095B.14.png,OK
SFT.ER100_2851533115200.1190011F13EB18A11009D.3.png,OK
SFT.ER100_2851533115200.1190011F13EB18A11009A.2.png,NOK
SFT.ER100_2851586931200.06433115311017K249209.11.png,NOK
SFT.ER100_2851645102200.1258011F13EB17K2914BF.3.png,NOK
SFT.ER100_2851605203200.1573011F13EB17K280280.10.png,OK
SFT.ER100_2851645102200.1258011F13EB17K2914A7.4.png,OK
SFT.ER100_2851586931200.06433115311017K2491FA.3.png,OK
SFT.ER100_2851605203200.1573011F13EB17K280130.11.png,OK
SFT.ER100_2851586912200.06433115311017K2491F1.6.png,NOK
SFT.ER100_2851605203200.1573011F13EB17K2804E1.12.png,OK
SFT.ER100_2851594715200.1030101F13EB17L21002E.11.png,OK
SFT.ER100_2851605203200.1573011F13EB17K280127.7.png,OK
SFT.ER100_2851594715200.1030101F13EB17L210064.12.png,NOK
SFT.ER100_2851533415200.11900115311018B05A126.7.png,OK
SFT.ER100_2851605203200.1573011F13EB17K280124.11.png,OK
SFT.ER100_2851642600200.1174011F1AAF17J270037.6.png,OK
SFT.ER100_2851533115200.1190011F13EB18A1100A0.2.png,NOK
SFT.ER100_2851645102200.1258011F13EB17K2914AA.4.png,OK
SFT.ER100_2851533115200.1190011F13EB18A1100AF.2.png,NOK
SFT.ER100_2851547241200.039822155FB517L1103AC.14.png,NOK
SFT.ER100_2851605203200.1573011F13EB17K280130.9.png,NOK
SFT.ER100_2851642600200.1174011F1AAF17J27002E.3.png,OK
SFT.ER100_2851642600200.1174011F1AAF17J27000A.7.png,OK
SFT.ER100_2851645102200.1258011F13EB17K2914AA.7.png,NOK
SFT.ER100_2851586931200.06433115311017K249209.6.png,OK
SFT.ER100_2851534713200.11640115311017I23A241.3.png,OK
SFT.ER100_2851574515200.157201155FB517L260031.5.png,OK
SFT.ER100_2851577412200.14973115311018A265193.11.png,OK
SFT.ER100_2851547241200.039822155FB517L110760.11.png,NOK
SFT.ER100_2851586906200.06433115311016F14AFEE.4.png,NOK
SFT.ER100_2851577412200.14973115311018A265214.11.png,OK
SFT.ER100_2851577412200.14973115311018A265211.14.png,NOK
SFT.ER100_2851605203200.1573011F13EB17K280322.10.png,OK
SFT.ER100_2851645102200.1258011F13EB17K2914B0.4.png,OK
SFT.ER100_2851653303200.14950415311017J19408D.3.png,OK
SFT.ER100_2851547241200.039822155FB517L1107ED.14.png,NOK
SFT.ER100_2851594715200.1030101F13EB17L21003D.3.png,OK
SFT.ER100_2851557840200.103002155FB518A02000D.6.png,OK
SFT.ER100_2851557840200.103002155FB518A02004F.12.png,NOK
SFT.ER100_2851557840200.1030021F1AAF17H3101D5.8.png,NOK
SFT.ER100_2851577412200.14973115311018A086498.7.png,OK
SFT.ER100_2851557832200.1030021F13EB17L050028.7.png,OK
SFT.ER100_2851645102200.1258011F13EB17K2914C8.4.png,OK
SFT.ER100_2851594715200.1030101F13EB17L210037.12.png,OK
SFT.ER100_2851587504200.0674061F13EB17I210889.11.png,NOK
SFT.ER100_2851574515200.157201155FB517L260040.5.png,OK
SFT.ER100_2851594715200.1030101F13EB17L21002E.2.png,OK
SFT.ER100_2851557840200.103002155FB518A02001C.11.png,OK
SFT.ER100_2851642600200.1174011F13EB16J170B65.6.png,OK
SFT.ER100_2851642600200.1174011F1AAF17J270037.10.png,OK
SFT.ER100_2851642600200.1174011F1AAF17J270016.10.png,OK
SFT.ER100_2851642600200.1174011F13EB16J170B65.3.png,OK
SFT.ER100_2851642600200.1174011F1AAF17J27001C.3.png,OK
SFT.ER100_2851586931200.06433115311017K2491FD.11.png,NOK
SFT.ER100_2851587504200.0674061F13EB17I210091.7.png,NOK
SFT.ER100_2851557825200.103002155FB517L15008E.7.png,OK
SFT.ER100_2851533115200.1190011F13EB18A1100AF.3.png,OK
SFT.ER100_2851605203200.1573011F13EB17K28012A.7.png,OK
SFT.ER100_2851586912200.06433115311017K288217.6.png,OK
SFT.ER100_2851574515200.157201155FB517L26004F.4.png,OK
SFT.ER100_2851642600200.1174011F1AAF17J270031.9.png,OK
SFT.ER100_2851557840200.103002155FB518A020058.11.png,OK
SFT.ER100_2851534713200.11640115311017I23A244.5.png,OK
SFT.ER100_2851653303200.14950415311017J20050B.3.png,OK
SFT.ER100_2851557825200.103002155FB517L150127.14.png,NOK
SFT.ER100_2851577412200.14973115311018A265193.8.png,NOK
SFT.ER100_2851594715200.1030101F13EB17L210037.8.png,NOK
SFT.ER100_2851534713200.11640115311017I23A241.4.png,OK
SFT.ER100_2851557832200.1030021F13EB17L050025.10.png,OK
SFT.ER100_2851587504200.0674061F13EB17I210754.7.png,OK
SFT.ER100_2851645102200.1258011F13EB17K2914A1.4.png,OK
SFT.ER100_2851577412200.14973115311018A26521A.8.png,NOK
SFT.ER100_2851609605200.15460315311017J053649.4.png,NOK
SFT.ER100_2851645102200.1258011F13EB17K2914C2.9.png,OK
SFT.ER100_2851642600200.1174011F1AAF17J27000D.9.png,OK
SFT.ER100_2851574515200.157201155FB517L260049.4.png,OK
SFT.ER100_2851534713200.11640115311017I23A244.3.png,OK
SFT.ER100_2851586912200.06433115311017K288211.12.png,OK
SFT.ER100_2851557832200.1030021F13EB17L050037.13.png,OK
SFT.ER100_2851557825200.103002155FB517L150127.11.png,NOK
SFT.ER100_2851645102200.1258011F13EB17K2914AD.3.png,NOK
SFT.ER100_2851642600200.1174011F1AAF17J270031.7.png,OK
SFT.ER100_2851644604200.0996011F13EB17J040145.13.png,OK
SFT.ER100_2851645102200.1258011F13EB17K2914AA.10.png,NOK
SFT.ER100_2851557832200.1030021F13EB17L050031.11.png,OK
SFT.ER100_2851534713200.11640115311017I23A23B.1.png,OK
SFT.ER100_2851565512200.14060215311016J188430.8.png,OK
SFT.ER100_2851605203200.1573011F13EB17K2804E4.11.png,OK
SFT.ER100_2851642600200.1174011F1AAF17J270010.9.png,OK
SFT.ER100_2851605203200.1573011F13EB17K28011B.7.png,OK
SFT.ER100_2851586931200.06433115311017K249206.12.png,OK
SFT.ER100_2851533415200.11900115311018B05A12F.11.png,NOK
SFT.ER100_2851557840200.103002155FB518A02003D.12.png,OK
SFT.ER100_2851594715200.1030101F13EB17L21002E.7.png,OK
SFT.ER100_2851557832200.1030021F13EB17L05002B.14.png,OK
SFT.ER100_2851557832200.1030021F13EB17L05002E.14.png,OK
SFT.ER100_2851605203200.1573011F13EB17K280121.7.png,OK
SFT.ER100_2851605203200.1573011F13EB17K2804E1.9.png,OK
SFT.ER100_2851577412200.14973115311018A2651A5.13.png,OK
SFT.ER100_2851534713200.11640115311017I23A250.6.png,OK
SFT.ER100_2851645102200.1258011F13EB17K2914AD.4.png,OK
SFT.ER100_2851557832200.1030021F13EB17L050037.10.png,OK
SFT.ER100_2851534713200.11640115311017I23A244.4.png,NOK
SFT.ER100_2851533415200.11900115311018B05A12F.12.png,OK
SFT.ER100_2851557840200.103002155FB518A020046.7.png,OK
SFT.ER100_2851645102200.1258011F13EB17K2914DA.10.png,OK
SFT.ER100_2851574515200.157201155FB517L260022.5.png,OK
SFT.ER100_2851547241200.039822155FB517L24000D.10.png,OK
SFT.ER100_2851557825200.103002155FB517L15008E.11.png,OK
SFT.ER100_2851594715200.1030101F13EB17L210037.3.png,OK
SFT.ER100_2851577412200.14973115311018A265217.11.png,OK
SFT.ER100_2851594715200.1030101F13EB17L21001F.11.png,OK
SFT.ER100_2851534713200.11640115311017I23A24D.1.png,OK
SFT.ER100_2851586931200.06433115311017K249209.7.png,OK
SFT.ER100_2851605203200.1573011F13EB17K28011E.7.png,OK
SFT.ER100_2851645102200.1258011F13EB17K2914D1.9.png,NOK
SFT.ER100_2851547241200.039822155FB517L1108B0.10.png,OK
SFT.ER100_2851533115200.1190011F13EB18A11009D.6.png,NOK
SFT.ER100_2851594715200.1030101F13EB17L210010.12.png,NOK
SFT.ER100_2851534713200.11640115311017I23A241.5.png,OK
SFT.ER100_2851533115200.1190011F13EB18A1100AC.7.png,OK
SFT.ER100_2851533415200.11900115311018B05A135.11.png,NOK
SFT.ER100_2851533115200.1190011F13EB18A1100A6.6.png,NOK
SFT.ER100_2851605203200.1573011F13EB17K28012D.11.png,OK
SFT.ER100_2851642600200.1174011F1AAF17J27003A.10.png,OK
SFT.ER100_2851653303200.14950415311017J20050B.4.png,NOK
SFT.ER100_2851642600200.1174011F1AAF17J270016.3.png,OK
SFT.ER100_2851594715200.1030101F13EB17L21005E.8.png,NOK
SFT.ER100_2851574515200.157201155FB517L260049.6.png,OK
SFT.ER100_2851586906200.0643311F13EB16F060079.6.png,NOK
SFT.ER100_2851547241200.039822155FB517L1103AC.13.png,OK
SFT.ER100_2851557832200.1030021F13EB17L050022.8.png,OK
SFT.ER100_2851642600200.1174011F1AAF17J27002E.4.png,OK
SFT.ER100_2851642600200.1174011F1AAF17J270013.9.png,OK
SFT.ER100_2851557832200.1030021F13EB17L05001F.7.png,OK
SFT.ER100_2851586931200.06433115311017K249209.3.png,OK
SFT.ER100_2851645102200.1258011F13EB17K2914D1.6.png,NOK
SFT.ER100_2851557825200.103002155FB517L150076.10.png,OK
SFT.ER100_2851594715200.1030101F13EB17L21003D.2.png,OK
SFT.ER100_2851645102200.1258011F13EB17K2914C5.7.png,OK
SFT.ER100_2851605203200.1573011F13EB17K28012A.11.png,OK
SFT.ER100_2851547241200.039822155FB517L110841.8.png,OK
SFT.ER100_2851547241200.039822155FB517L1103AC.10.png,OK
SFT.ER100_2851586931200.06433115311017K249200.12.png,OK
SFT.ER100_2851642600200.1174011F1AAF17J27000D.10.png,OK
SFT.ER100_2851547241200.039822155FB517L11045A.14.png,OK
SFT.ER100_2851534713200.11640115311017I23A241.2.png,OK
SFT.ER100_2851586931200.06433115311017K24920C.11.png,NOK
SFT.ER100_2851533415200.11900115311018B05A11D.12.png,OK
SFT.ER100_2851645102200.1258011F13EB17K2914A7.7.png,OK
SFT.ER100_2851645102200.1258011F13EB17K2914D7.3.png,NOK
SFT.ER100_2851533115200.1190011F13EB18A1100A9.2.png,OK
SFT.ER100_2851605203200.1573011F13EB17K2804E1.11.png,OK
SFT.ER100_2851605203200.1573011F13EB17K280121.12.png,OK
SFT.ER100_2851557832200.1030021F13EB17L05002E.10.png,OK
SFT.ER100_2851547241200.039822155FB517L11077B.10.png,OK
SFT.ER100_2851605203200.1573011F13EB17K280316.9.png,OK
SFT.ER100_2851586931200.06433115311017K249206.11.png,NOK
SFT.ER100_2851645102200.1258011F13EB17K2914AD.6.png,NOK
SFT.ER100_2851642600200.1174011F1AAF17J270013.3.png,OK
SFT.ER100_2851642600200.1174011F1AAF17J270031.3.png,OK
SFT.ER100_2851557840200.103002155FB518A02000D.3.png,OK
SFT.ER100_2851574210200.1573011F13EB16G220A2D.11.png,OK
SFT.ER100_2851547241200.039822155FB517L110841.7.png,OK
SFT.ER100_2851605203200.1573011F13EB17K280313.9.png,OK
SFT.ER100_2851586912200.06433115311017K233834.6.png,OK
SFT.ER100_2851645102200.1258011F13EB17K2914C2.10.png,OK
SFT.ER100_2851605203200.1573011F13EB17K28012A.12.png,OK
SFT.ER100_2851645102200.1258011F13EB17K2914CB.4.png,OK
SFT.ER100_2851524111200.0998021F13EB16F261D44.6.png,OK
SFT.ER100_2851533115200.1190011F13EB18A1100B2.2.png,OK
SFT.ER100_2851644604200.099601155FB517I071216.8.png,OK
SFT.ER100_2851577412200.14973115311018A265211.10.png,OK
SFT.ER100_2851557825200.103002155FB517L150097.10.png,OK
SFT.ER100_2851594715200.1030101F13EB17L210064.8.png,NOK
SFT.ER100_2851533415200.11900115311018B05A11D.3.png,OK
SFT.ER100_2851533415200.11900115311018B05A129.11.png,OK
SFT.ER100_2851645102200.1258011F13EB17K2914B3.7.png,OK
SFT.ER100_2851557825200.103002155FB517L15008E.13.png,OK
SFT.ER100_2851605203200.1573011F13EB17K28031F.12.png,OK
SFT.ER100_2851533115200.1190011F13EB18A1100A3.2.png,NOK
SFT.ER100_2851642600200.1174011F1AAF17J270004.4.png,OK
SFT.ER100_2851605203200.1573011F13EB17K28031C.11.png,OK
SFT.ER100_2851605203200.1573011F13EB17K28031F.10.png,OK
SFT.ER100_2851577412200.14973115311018A244C66.8.png,OK
SFT.ER100_2851642600200.1174011F1AAF17J2700B5.4.png,OK
SFT.ER100_2851586906200.06433115311016F128FC6.9.png,OK
SFT.ER100_2851586931200.06433115311017K2491F4.6.png,OK
SFT.ER100_2851557832200.1030021F13EB17L050034.11.png,OK
SFT.ER100_2851533115200.1190011F13EB18A1100AC.12.png,OK
SFT.ER100_2851547241200.039822155FB517L110760.10.png,OK
SFT.ER100_2851534713200.11640115311017I23A244.2.png,NOK
SFT.ER100_2851577412200.14973115311018A265217.14.png,NOK
SFT.ER100_2851594715200.1030101F13EB17L21004C.7.png,OK
SFT.ER100_2851645102200.1258011F13EB17K2914AD.10.png,OK
SFT.ER100_2851642600200.1174011F13EB17D02078A.9.png,OK
SFT.ER100_2851594715200.1030101F13EB17L21003D.12.png,NOK
SFT.ER100_2851586912200.06433115311017K233834.2.png,OK
SFT.ER100_2851642600200.1174011F1AAF17J27001C.7.png,OK
SFT.ER100_2851533115200.1190011F13EB18A1100A6.2.png,NOK
SFT.ER100_2851557832200.1030021F13EB17L050022.14.png,OK
SFT.ER100_2851574515200.157201155FB517L26004F.2.png,OK
SFT.ER100_2851642600200.1174011F1AAF17J2700B5.6.png,OK
SFT.ER100_2851527120200.1190021F13EB16H2582AF.14.png,OK
SFT.ER100_2851577412200.14973115311018A265214.13.png,OK
SFT.ER100_2851586912200.06433115311017K260352.11.png,OK
SFT.ER100_2851533415200.11900115311018B05A126.2.png,OK
SFT.ER100_2851533115200.1190011F13EB18A1100A9.12.png,OK
SFT.ER100_2851586912200.06433115311017K26034F.12.png,OK
SFT.ER100_2851605203200.1573011F13EB17K28012A.9.png,OK
SFT.ER100_2851534713200.11640115311017I23A238.1.png,OK
SFT.ER100_2851547241200.039822155FB517L1107ED.13.png,OK
SFT.ER100_2851534713200.11640115311017I23A24D.6.png,OK
SFT.ER100_2851557825200.103002155FB517L150034.11.png,NOK
SFT.ER100_2851534713200.11640115311017I23A23B.5.png,OK
SFT.ER100_2851533115200.1190011F13EB18A1100AF.11.png,NOK
SFT.ER100_2851605203200.1573011F13EB17K280127.9.png,OK
SFT.ER100_2851577412200.14973115311018A086498.8.png,OK
SFT.ER100_2851645102200.1258011F13EB17K2914CE.6.png,NOK
SFT.ER100_2851642600200.1174011F1AAF17J27000D.6.png,OK
SFT.ER100_2851574515200.157201155FB517L260028.5.png,OK
SFT.ER100_2851586912200.06433115311017H036CD4.4.png,NOK
SFT.ER100_2851533415200.11900115311018B05A132.6.png,NOK
SFT.ER100_2851605203200.1573011F13EB17K280133.10.png,OK
SFT.ER100_2851527120200.1190021F13EB16H2582AC.13.png,OK
SFT.ER100_2851594715200.1030101F13EB17L210037.11.png,OK
SFT.ER100_2851605203200.1573011F13EB17K280130.7.png,OK
SFT.ER100_2851533415200.11900115311018B05A126.6.png,OK
SFT.ER100_2851557840200.103002155FB518A02004F.11.png,OK
SFT.ER100_2851605203200.1573011F13EB17K280121.10.png,OK
SFT.ER100_2851574515200.157201155FB517L260028.1.png,OK
SFT.ER100_2851605203200.1573011F13EB17K28031F.9.png,OK
SFT.ER100_2851561935200.1495041F13EB16F098474.6.png,OK
SFT.ER100_2851524312200.0998021F13EB16G090277.3.png,NOK
SFT.ER100_2851605203200.1573011F13EB17K280133.9.png,OK
SFT.ER100_2851574515200.157201155FB517L260025.2.png,OK
SFT.ER100_2851605203200.1573011F13EB17K28031C.7.png,OK
SFT.ER100_2851534713200.11640115311017I23A23E.4.png,OK
SFT.ER100_2851574515200.157201155FB517L260043.4.png,OK
SFT.ER100_2851653303200.14950415311017I178912.4.png,OK
SFT.ER100_2851587504200.0674061F13EB17I21074E.2.png,NOK
SFT.ER100_2851594715200.1030101F13EB17L21004C.3.png,OK
SFT.ER100_2851577412200.14973115311018A244C66.11.png,OK
SFT.ER100_2851645102200.1258011F13EB17K2914B3.3.png,NOK
SFT.ER100_2851533415200.11900115311018B05A135.12.png,OK
SFT.ER100_2851586931200.06433115311017K2491F7.3.png,OK
SFT.ER100_2851533415200.11900115311018B05A120.6.png,OK
SFT.ER100_2851557840200.103002155FB518A020046.6.png,OK
SFT.ER100_2851533115200.1190011F13EB18A1100A9.6.png,NOK
SFT.ER100_2851534713200.11640115311017I23A238.6.png,NOK
SFT.ER100_2851645102200.1258011F13EB17K2914C2.3.png,NOK
SFT.ER100_2851533415200.11900115311018B05A12C.3.png,OK
SFT.ER100_2851586931200.06433115311017K249203.2.png,OK
SFT.ER100_2851605203200.1573011F13EB17K280124.7.png,OK
SFT.ER100_2851534713200.11640115311017I23A24D.4.png,OK
